,DestID,OriginID,Weight
0,45064234,45064234,0.0005719889746364466
1,45064234,45064234,0.0004078929655641873
2,45064234,45064234,0.0004078929655641873
3,45064234,45064234,0.00039174425367054607
4,45064234,45064234,0.00039174425367054607
5,45064234,45064234,0.0005948812899406781
6,45064234,45064234,0.00015898227619213858
7,45064234,45064234,0.00039174425367054607
8,45064234,45064234,0.0003970636926064186
9,45064234,45064234,0.0003970636926064186
10,45064234,45064234,0.0004078929655641873
11,45064234,45064234,0.0005948812899406781
12,45064234,45064234,0.0004078929655641873
13,45064234,45064234,0.0004078929655641873
14,45064234,45064234,0.0004078929655641873
15,45064234,45064234,0.00039174425367054607
16,45064234,45064234,0.0004078929655641873
17,45064234,45064234,0.008717872901640104
18,45064234,45064234,0.0006406751116617522
19,45064234,45064234,0.00039174425367054607
20,45064234,45064234,0.00039174425367054607
21,45064234,45064234,0.00039174425367054607
22,45064234,45064234,0.0006950303226838475
23,45064234,45064234,0.0004078929655641873
24,45064234,45064234,0.00039174425367054607
25,45064234,45064234,0.0006950303226838475
26,45064234,45064234,0.000367560324418194
27,45064234,45064234,0.0006950303226838475
28,45064234,45064234,0.0004078929655641873
29,45064234,45064234,0.0004078929655641873
30,45064234,45064234,0.0004078929655641873
31,45064234,45064234,0.0005948812899406781
32,45064234,45064234,0.00039174425367054607
33,45064234,45064234,0.00039174425367054607
34,45064234,45064234,0.0006950303226838475
35,45064234,45064234,0.0004078929655641873
36,45064234,45064234,0.0006962517478540968
37,45064234,45064234,0.0006594582418139618
38,45064234,45064234,0.0004078929655641873
39,45064234,45064234,0.0004078929655641873
40,45064234,45064234,0.000367560324418194
41,45064234,45064234,0.0006950303226838475
42,45064234,45064234,0.0004078929655641873
43,45064234,45064234,0.0005948812899406781
44,45064234,45064234,0.0005719889746364466
45,45064234,45064234,0.0004078929655641873
46,45064234,45064234,0.00039174425367054607
47,45064234,45064234,0.00039174425367054607
48,45064234,45064234,0.00039174425367054607
49,45064234,45064234,0.0006950303226838475
50,45064234,45064234,0.0006962517478540968
51,45064234,45064234,0.0006962517478540968
52,45064234,45064234,0.00039174425367054607
53,45064234,45064234,0.00010615704475070751
54,45064234,45064234,0.0004078929655641873
55,45064234,45064234,0.0004078929655641873
56,45064234,45064234,0.00039174425367054607
57,45064234,45064234,0.0004078929655641873
58,45064234,45064234,0.00039174425367054607
59,45064234,45064234,0.00039174425367054607
60,45064234,45064234,0.00039174425367054607
61,45064234,45064234,0.00039174425367054607
62,45064234,45064234,0.0004078929655641873
63,45064234,45064234,0.0004078929655641873
64,45064234,45064234,0.0004078929655641873
65,45064234,45064234,0.0004078929655641873
66,45064234,45064234,0.0004078929655641873
67,45064234,45064234,0.0006950303226838475
68,45064234,45064234,0.0006950303226838475
69,45064234,45064234,0.0004078929655641873
70,45064234,45064234,0.0006962517478540968
71,45064234,45064234,0.00039174425367054607
72,45064234,45064234,0.0005948812899406781
73,45064234,45064234,0.0004078929655641873
74,45064234,45064234,0.00039174425367054607
75,45064234,45064234,0.0004078929655641873
76,45064234,45064234,0.0004078929655641873
77,45064234,45064234,0.000367560324418194
78,45064234,45064234,0.0004078929655641873
79,45064234,45064234,0.009247542941698455
80,45064234,45064234,0.00039174425367054607
81,45064234,45064234,2.6004535882728986e-05
82,45064234,45064234,0.0006962517478540968
83,45064234,45064234,0.0006962517478540968
84,45064234,45064234,0.008717872901640104
85,45064234,45064234,0.00039174425367054607
86,45064234,45064234,0.0004078929655641873
87,45064234,45064234,0.00039174425367054607
88,45064234,45064234,0.0004078929655641873
89,45064234,45064234,0.0004078929655641873
90,45064234,45064234,0.00039174425367054607
91,45064234,45064234,0.00039174425367054607
92,45064234,45064234,0.0005948812899406781
93,45064234,45064234,0.00039174425367054607
94,45064234,45064234,0.0004078929655641873
95,45064234,45064234,0.0006950303226838475
96,45064234,45064234,0.0006950303226838475
97,45064234,45064234,0.0006950303226838475
98,45064234,45064234,0.0006962517478540968
99,45064234,45064234,0.0004078929655641873
100,45064234,45064234,0.00039174425367054607
101,45064234,45064234,0.0004078929655641873
102,45064234,45064234,0.0004078929655641873
103,45064234,45064234,0.0004078929655641873
104,45064234,45064234,0.0004078929655641873
105,45064234,45064234,0.00039174425367054607
106,45064234,45064234,0.0004078929655641873
107,45064234,45064234,0.0004078929655641873
108,45064234,45064234,0.0003970636926064186
109,45064234,45064234,0.00039174425367054607
110,45064234,45064234,0.00039174425367054607
111,45064234,45064234,0.0004078929655641873
112,45064234,45064234,0.0004078929655641873
113,45064234,45064234,0.0006950303226838475
114,45064234,45064234,0.0005719889746364466
115,45064234,45064234,0.00039174425367054607
116,45064234,45064234,0.0006549441007825512
117,45064234,45064234,0.00039174425367054607
118,45064234,45064234,0.0004078929655641873
119,45064234,45064234,0.0006962517478540968
120,45064234,45064234,0.0006950303226838475
121,45064234,45064234,0.0004216698071144651
122,45064234,45064234,0.0003970636926064186
123,45064234,45064234,0.0005948812899406781
124,45064234,45064234,0.0004078929655641873
125,45064234,45064234,0.0005948812899406781
126,45064234,45064234,0.0004078929655641873
127,45064234,45064234,0.0004078929655641873
128,45064234,45064234,0.0004078929655641873
129,45064234,45064234,0.0004078929655641873
130,45064234,45064234,0.00039174425367054607
131,45064234,45064234,0.0004078929655641873
132,45064234,45064234,0.0005948812899406781
133,45064234,45064234,0.0006950303226838475
134,45064234,45064234,0.00039174425367054607
135,45064234,45064234,0.0004078929655641873
136,45064234,45064234,0.0004078929655641873
137,45064234,45064234,0.00039174425367054607
138,45064234,45064234,0.009247542941698455
139,45064234,45064234,0.00039174425367054607
140,45064234,45064234,0.0004078929655641873
141,45064234,45064234,0.0004078929655641873
142,45064234,45064234,0.0006950303226838475
143,45064234,45064234,0.00039174425367054607
144,45064234,45064234,0.0004078929655641873
145,45064234,45064234,0.008717872901640104
146,45064234,45064234,0.0004078929655641873
147,45064234,45064234,0.000367560324418194
148,45064234,45064234,0.00039174425367054607
149,45064234,45064234,0.0004078929655641873
150,45064234,45064234,0.0005948812899406781
151,45064234,45064234,0.00039174425367054607
152,45064234,45064234,0.0016717764507639258
153,45064234,45064234,0.0004078929655641873
154,45064234,45064234,0.0004078929655641873
155,45064234,45064234,0.0005948812899406781
156,45064234,45064234,0.0006950303226838475
157,45064234,45064234,0.0006406751116617522
158,45064234,45064234,0.0004078929655641873
159,45064234,45064234,0.0009318292024644556
160,45064234,45064234,0.00039174425367054607
161,45064234,45064234,0.0004078929655641873
162,45064234,45064234,0.0004078929655641873
163,45064234,45064234,0.0004078929655641873
164,45064234,45064234,0.0004078929655641873
165,45064234,45064234,0.0005948812899406781
166,45064234,45064234,0.0005948812899406781
167,45064234,45064234,0.0005948812899406781
168,45064234,45064234,0.0006950303226838475
169,45064234,45064234,0.0006406751116617522
170,45064234,45064234,0.0005719889746364466
171,45064234,45064234,0.00039174425367054607
172,45064234,45064234,0.00039174425367054607
173,45064234,45064234,0.0005948812899406781
174,45064234,45064234,0.0004078929655641873
175,45064234,45064234,0.00039174425367054607
176,45064234,45064234,0.0005948812899406781
177,45064234,45064234,0.00039174425367054607
178,45064234,45064234,0.00039174425367054607
179,45064234,45064234,0.00039174425367054607
180,45064234,45064234,0.00046829051766328025
181,45064234,45064234,0.0005719889746364466
182,45064234,45064234,0.00039174425367054607
183,45064234,45064234,0.0006962517478540968
184,45064234,45064234,0.0006594582418139618
185,45064234,45064234,0.008717872901640104
186,45064234,45064234,0.0009318292024644556
187,45064234,45064234,0.0005948812899406781
188,45064234,45064234,0.0005948812899406781
189,45064234,45064234,0.00039174425367054607
190,45064234,45064234,0.0004078929655641873
191,45064234,45064234,0.0004078929655641873
192,45064234,45064234,0.00039174425367054607
193,45064234,45064234,0.00039174425367054607
194,45064234,45064234,0.00039174425367054607
195,45064234,45064234,0.0004078929655641873
196,45064234,45064234,0.00039174425367054607
197,45064234,45064234,0.0004078929655641873
198,45064234,45064234,0.00039174425367054607
199,45064234,45064234,0.0006962517478540968
200,45064234,45064234,0.0004078929655641873
201,45064234,45064234,0.00039174425367054607
202,45064234,45064234,0.0006406751116617522
203,45064234,45064234,0.0006950303226838475
204,45064234,45064234,0.0004078929655641873
205,45064234,45064234,0.0004078929655641873
206,45064234,45064234,0.0006594582418139618
207,45064234,45064234,0.00039174425367054607
208,45064234,45064234,0.00039174425367054607
209,45064234,45064234,0.0004078929655641873
210,45064234,45064234,0.00039174425367054607
211,45064234,45064234,0.00039174425367054607
212,45064234,45064234,0.0006594582418139618
213,45064234,45064234,0.0004078929655641873
214,45064234,45064234,0.00039174425367054607
215,45064234,45064234,0.0004078929655641873
216,45064234,45064234,0.00039174425367054607
217,45064234,45064234,0.0004078929655641873
218,45064234,45064234,0.00038623827932002383
219,45064234,45064234,0.0004078929655641873
220,45064234,45064234,0.0006962517478540968
221,45064234,45064234,0.00039174425367054607
222,45064234,45064234,0.0004078929655641873
223,45064234,45064234,0.0004078929655641873
224,45064234,45064234,0.0004078929655641873
225,45064234,45064234,0.00039174425367054607
226,45064234,45064234,0.0006950303226838475
227,45064234,45064234,0.00039174425367054607
228,45064234,45064234,0.000479775104681273
229,45064234,45064234,0.0006962517478540968
230,45064234,45064234,0.0005948812899406781
231,45064234,45064234,0.00039174425367054607
232,45064234,45064234,0.00039174425367054607
233,45064234,45064234,0.00039174425367054607
234,45064234,45064234,0.00039174425367054607
235,45064234,45064234,0.0006950303226838475
236,45064234,45064234,0.0004078929655641873
237,45064234,45064234,0.0006962517478540968
238,45064234,45064234,0.00039174425367054607
239,45064234,45064234,0.000367560324418194
240,45064234,45064234,0.00039174425367054607
241,45064234,45064234,0.0004078929655641873
242,45064234,45064234,0.00039174425367054607
243,45064234,45064234,0.00039174425367054607
244,45064234,45064234,0.00039174425367054607
245,45064234,45064234,0.0004078929655641873
246,45064234,45064234,0.0004078929655641873
247,45064234,45064234,0.00039174425367054607
248,45064234,45064234,0.0002757662827927579
249,45064234,45064234,0.0004078929655641873
250,45064234,45064234,0.00039174425367054607
251,45064234,45064234,0.00039174425367054607
252,45064234,45064234,0.0004078929655641873
253,45064234,45064234,0.0004078929655641873
254,45064234,45064234,0.00039174425367054607
255,45064234,45064234,0.0006950303226838475
256,45064234,45064234,0.00039174425367054607
257,45064234,45064234,0.00039174425367054607
258,45064234,45064234,0.0006950303226838475
259,45064234,45064234,0.00018250456092242526
260,45064234,45064234,0.0004078929655641873
261,45064234,45064234,0.00039174425367054607
262,45064234,45064234,0.0004078929655641873
263,45064234,45064234,0.0004078929655641873
264,45064234,45064234,0.0004078929655641873
265,45064234,45064234,0.0006950303226838475
266,45064234,45064234,0.0006950303226838475
267,45064234,45064234,0.00039174425367054607
268,45064234,45064234,0.00039174425367054607
269,45064234,45064234,0.00039174425367054607
270,45064234,45064234,0.0005948812899406781
271,45064234,45064234,0.00039174425367054607
272,45064234,45064234,0.0004078929655641873
273,45064234,45064234,0.0004078929655641873
274,45064234,45064234,0.00039174425367054607
275,45064234,45064234,0.0005948812899406781
276,45064234,45064234,0.00039174425367054607
277,45064234,45064234,0.00039174425367054607
278,45064234,45064234,0.00039174425367054607
279,45064234,45064234,0.0009113407802538204
280,45064234,45064234,0.00039174425367054607
281,45064234,45064234,0.0006594582418139618
282,45064234,45064234,0.0004078929655641873
283,45064234,45064234,0.00039174425367054607
284,45064234,45064234,0.0005948812899406781
285,45064234,45064234,0.0004078929655641873
286,45064234,45064234,0.0004078929655641873
287,45064234,45064234,0.0004078929655641873
288,45064234,45064234,0.0004078929655641873
289,45064234,45064234,0.00039174425367054607
290,45064234,45064234,0.0006962517478540968
291,45064234,45064234,0.0006962517478540968
292,45064234,45064234,0.0006962517478540968
293,45064234,45064234,0.0006962517478540968
294,45064234,45064234,0.0002644166187183833
295,45064234,45064234,0.0004078929655641873
296,45064234,45064234,0.00039174425367054607
297,45064234,45064234,0.0004078929655641873
298,45064234,45064234,0.0005719889746364466
299,45064234,45064234,0.00039174425367054607
300,45064234,45064234,0.0004078929655641873
301,45064234,45064234,0.00039174425367054607
302,45064234,45064234,0.00039174425367054607
303,45064234,45064234,0.0006962517478540968
304,45064234,45064234,0.0006406751116617522
305,45064234,45064234,0.00039174425367054607
306,45064234,45064234,0.00039174425367054607
307,45064234,45064234,0.0004078929655641873
308,45064234,45064234,0.009247542941698455
309,45064234,45064234,0.0006950303226838475
310,45064234,45064234,0.0008427833674720805
311,45064234,45064234,0.00039174425367054607
312,45064234,45064234,0.0005948812899406781
313,45064234,45064234,0.00039174425367054607
314,45064234,45064234,0.0006962517478540968
315,45064234,45064234,0.0004078929655641873
316,45064234,45064234,0.0004078929655641873
317,45064234,45064234,0.0006950303226838475
318,45064234,45064234,0.00040508357428898213
319,45064234,45064234,0.00039174425367054607
320,45064234,45064234,0.0004078929655641873
321,45064234,45064234,0.0004078929655641873
322,45064234,45064234,0.00039174425367054607
323,45064234,45064234,0.00039174425367054607
324,45064234,45064234,0.00039174425367054607
325,45064234,45064234,0.00039174425367054607
326,45064234,45064234,0.0004078929655641873
327,45064234,45064234,0.0005948812899406781
328,45064234,45064234,0.0006950303226838475
329,45064234,45064234,0.0005719889746364466
330,45064234,45064234,0.0006962517478540968
331,45064234,45064234,0.0004078929655641873
332,45064234,45064234,0.0006962517478540968
333,45064234,45064234,0.0004677897124120272
334,45064234,45064234,0.0006950303226838475
335,45064234,45064234,0.0004078929655641873
336,45064234,45064234,0.00039174425367054607
337,45064234,45064234,0.009247542941698455
338,45064234,45064234,0.00039174425367054607
339,45064234,45064234,0.00039174425367054607
340,45064234,45064234,0.0013607881597884736
341,45064234,45064234,0.0004078929655641873
342,45064234,45064234,0.00039174425367054607
343,45064234,45064234,0.0006950303226838475
344,45064234,45064234,0.00039174425367054607
345,45064234,45064234,0.0004677897124120272
346,45064234,45064234,0.00039174425367054607
347,45064234,45064234,0.0006950303226838475
348,45064234,45064234,0.0006950303226838475
349,45064234,45064234,0.0006594582418139618
350,45064234,45064234,0.0006950303226838475
351,45064234,45064234,0.00039174425367054607
352,45064234,45064234,0.00039174425367054607
353,45064234,45064234,0.00039174425367054607
354,45064234,45064234,0.00039174425367054607
355,45064234,45064234,0.00039174425367054607
356,45064234,45064234,0.00039174425367054607
357,45064234,45064234,0.0006962517478540968
358,45064234,45064234,0.0006950303226838475
359,45064234,45064234,0.0006962517478540968
360,45064234,45064234,0.0006962517478540968
361,45064234,45064234,0.0006594582418139618
362,45064234,45064234,0.0005948812899406781
363,45064234,45064234,0.00020600995959045045
364,45064234,45064234,0.0006594582418139618
365,45064234,45064234,0.0004078929655641873
366,45064234,45064234,0.0004078929655641873
367,45064234,45064234,0.0004078929655641873
368,45064234,45064234,0.00039174425367054607
369,45064234,45064234,0.00039174425367054607
370,45064234,45064234,0.0003362106417623298
371,45064234,45064234,0.0006406751116617522
372,45064234,45064234,0.0005948812899406781
373,45064234,45064234,0.0004078929655641873
374,45064234,45064234,0.00039174425367054607
375,45064234,45064234,0.0006950303226838475
376,45064234,45064234,0.00039174425367054607
377,45064234,45064234,0.0004078929655641873
378,45064234,45064234,0.00039174425367054607
379,45064234,45064234,0.0006594582418139618
380,45064234,45064234,0.0004078929655641873
381,45064234,45064234,0.0005756965206817399
382,45064234,45064234,0.0003970636926064186
383,45064234,45064234,0.0004078929655641873
384,45064234,45064234,0.0004078929655641873
385,45064234,45064234,0.00039174425367054607
386,45064234,45064234,0.0006594582418139618
387,45064234,45064234,0.0006594582418139618
388,45064234,45064234,0.0006950303226838475
389,45064234,45064234,0.00039174425367054607
390,45064234,45064234,0.00016922648729745607
391,321267997,45064234,0.00039174425367054607
392,45064234,45064234,0.00039174425367054607
393,45064234,45064234,0.0006962517478540968
394,45064234,45064234,0.00039174425367054607
395,45064234,45064234,0.00039174425367054607
396,45064234,45064234,0.00039174425367054607
397,45064234,45064234,0.0006950303226838475
398,45064234,45064234,0.0006962517478540968
399,45064234,45064234,0.0004078929655641873
400,45064234,45064234,0.0004078929655641873
401,45064234,45064234,0.00039174425367054607
402,45064234,45064234,0.00039174425367054607
403,321267997,45064234,0.0002659554806188192
404,45064234,45064234,0.00039174425367054607
405,45064234,45064234,0.0006950303226838475
406,45064234,45064234,0.00039174425367054607
407,45064234,45064234,0.0004078929655641873
408,45064234,45064234,0.00039174425367054607
409,45064234,45064234,0.00039174425367054607
410,45064234,45064234,0.0006950303226838475
411,45064234,45064234,0.0006950303226838475
412,45064234,45064234,0.0005948812899406781
413,45064234,45064234,0.00039174425367054607
414,45064234,45064234,0.0004078929655641873
415,45064234,45064234,0.0003158012906709227
416,45064234,45064234,0.0004078929655641873
417,45064234,45064234,0.00046829051766328025
418,45064234,45064234,0.00046829051766328025
419,45064234,45064234,0.0004078929655641873
420,45064234,45064234,0.00039174425367054607
421,45064234,45064234,0.00039174425367054607
422,45064234,45064234,0.0004078929655641873
423,45064234,45064234,0.0006962517478540968
424,45064234,45064234,0.00039174425367054607
425,45064234,45064234,0.0004078929655641873
426,45064234,45064234,0.00039174425367054607
427,45064234,45064234,0.0004078929655641873
428,45064234,45064234,0.00039174425367054607
429,45064234,45064234,0.0004078929655641873
430,45064234,45064234,0.00039174425367054607
431,45064234,45064234,0.0004078929655641873
432,45064234,45064234,0.0004078929655641873
433,45064234,45064234,0.00039174425367054607
434,45064234,45064234,0.0004078929655641873
435,45064234,45064234,0.00039174425367054607
436,45064234,45064234,0.0005948812899406781
437,45064234,45064234,0.0006950303226838475
438,45064234,45064234,0.00039174425367054607
439,45064234,45064234,0.0004078929655641873
440,45064234,45064234,0.0006950303226838475
441,45064234,45064234,0.0004078929655641873
442,45064234,45064234,0.00039174425367054607
443,45064234,45064234,0.0004078929655641873
444,45064234,45064234,0.00039174425367054607
445,45064234,45064234,0.0004078929655641873
446,45064234,45064234,0.0004078929655641873
447,45064234,45064234,0.00039174425367054607
448,45064234,45064234,0.0006950303226838475
449,45064234,45064234,0.0006950303226838475
450,45064234,45064234,0.0004078929655641873
451,321267997,45064234,0.00039174425367054607
452,45064234,45064234,0.0004078929655641873
453,45064234,45064234,0.0004078929655641873
454,45064234,45064234,0.00039174425367054607
455,45064234,45064234,0.0006594582418139618
456,45064234,45064234,0.0004078929655641873
457,45064234,45064234,0.00039174425367054607
458,45064234,45064234,0.00039174425367054607
459,45064234,45064234,0.00039174425367054607
460,45064234,45064234,0.0004078929655641873
461,45064234,45064234,0.0004078929655641873
462,45064234,45064234,0.00020600995959045045
463,45064234,45064234,0.0005948812899406781
464,45064234,45064234,0.0004078929655641873
465,45064234,45064234,0.00039174425367054607
466,45064234,45064234,0.0006962517478540968
467,45064234,45064234,0.0006594582418139618
468,45064234,45064234,0.0004078929655641873
469,45064234,45064234,0.008717872901640104
470,45064234,45064234,0.0006962517478540968
471,45064234,45064234,0.00038623827932002383
472,45064234,45064234,0.00039174425367054607
473,45064234,45064234,0.0004078929655641873
474,45064234,45064234,0.00039174425367054607
475,45064234,45064234,0.00039174425367054607
476,45064234,45064234,0.0018312512371053582
477,45064234,45064234,0.00039174425367054607
478,45064234,45064234,0.00039174425367054607
479,45064234,45064234,0.0004078929655641873
480,45064234,45064234,0.0004078929655641873
481,45064234,45064234,0.00039174425367054607
482,45064234,45064234,0.00039174425367054607
483,45064234,45064234,0.00039174425367054607
484,45064234,45064234,0.00039174425367054607
485,45064234,45064234,0.0004078929655641873
486,45064234,45064234,0.0005719889746364466
487,45064234,45064234,0.0006474116271063827
488,45064234,45064234,0.00039174425367054607
489,45064234,45064234,0.00039174425367054607
490,45064234,45064234,0.0004078929655641873
491,45064234,45064234,0.0004078929655641873
492,45064234,45064234,0.0004078929655641873
493,45064234,45064234,0.00039174425367054607
494,45064234,45064234,0.0006950303226838475
495,45064234,45064234,0.0004078929655641873
496,45064234,45064234,0.0004078929655641873
497,45064234,45064234,0.0004078929655641873
498,45064234,45064234,0.0005948812899406781
499,45064234,45064234,0.00039174425367054607
500,45064234,45064234,0.00039174425367054607
501,45064234,45064234,0.00039174425367054607
502,45064234,45064234,0.00039174425367054607
503,45064234,45064234,0.0004078929655641873
504,45064234,45064234,0.00039174425367054607
505,45064234,45064234,0.000479775104681273
506,45064234,45064234,0.0004078929655641873
507,45064234,45064234,0.0004078929655641873
508,321267997,45064234,0.00039174425367054607
509,45064234,45064234,0.00039174425367054607
510,45064234,45064234,0.0004078929655641873
511,45064234,45064234,0.0004078929655641873
512,45064234,45064234,0.0003970636926064186
513,45064234,45064234,0.00039174425367054607
514,45064234,45064234,0.00038623827932002383
515,45064234,45064234,0.0005948812899406781
516,45064234,45064234,0.00039174425367054607
517,45064234,45064234,0.0004078929655641873
518,45064234,45064234,0.0004078929655641873
519,45064234,45064234,0.00039174425367054607
520,45064234,45064234,0.000443765716232544
521,45064234,45064234,0.0004078929655641873
522,45064234,45064234,0.0005719889746364466
523,45064234,45064234,0.0006950303226838475
524,45064234,45064234,0.00039174425367054607
525,45064234,45064234,0.0005948812899406781
526,45064234,45064234,0.00039174425367054607
527,45064234,45064234,0.0006594582418139618
528,45064234,45064234,0.0006962517478540968
529,45064234,45064234,0.00039174425367054607
530,45064234,45064234,0.0004216698071144651
531,45064234,45064234,0.0006950303226838475
532,45064234,45064234,0.000367560324418194
533,45064234,45064234,0.00039174425367054607
534,45064234,45064234,0.0005948812899406781
535,45064234,45064234,0.0006406751116617522
536,45064234,45064234,0.0006950303226838475
537,45064234,45064234,0.0004078929655641873
538,45064234,45064234,0.00039174425367054607
539,45064234,45064234,0.00039174425367054607
540,45064234,45064234,0.0004078929655641873
541,45064234,45064234,0.0005016315001996307
542,45064234,45064234,0.0005342750099542501
543,45064234,45064234,0.00039174425367054607
544,45064234,45064234,0.0004078929655641873
545,45064234,45064234,0.0004078929655641873
546,45064234,45064234,0.00039174425367054607
547,45064234,45064234,0.0005719889746364466
548,45064234,45064234,0.0004078929655641873
549,45064234,45064234,0.0006962517478540968
550,45064234,45064234,0.0006962517478540968
551,45064234,45064234,0.0006950303226838475
552,45064234,45064234,0.0004078929655641873
553,45064234,45064234,0.0006962517478540968
554,45064234,45064234,0.00039174425367054607
555,45064234,45064234,0.0004078929655641873
556,45064234,45064234,0.0004078929655641873
557,45064234,45064234,0.0004078929655641873
558,45064234,45064234,0.00039174425367054607
559,45064234,45064234,0.00039174425367054607
560,45064234,45064234,0.0005948812899406781
561,45064234,45064234,0.00018250456092242526
562,45064234,45064234,0.00039174425367054607
563,45064234,45064234,0.00039174425367054607
564,45064234,45064234,0.00039174425367054607
565,45064234,45064234,0.0004078929655641873
566,45064234,45064234,0.00039174425367054607
567,45064234,45064234,0.00039174425367054607
568,45064234,45064234,0.00039174425367054607
569,45064234,45064234,0.00039174425367054607
570,45064234,45064234,0.00039174425367054607
571,45064234,45064234,0.00039174425367054607
572,45064234,45064234,0.00039174425367054607
573,45064234,45064234,0.0004976656296521795
574,45064234,45064234,0.000664011715732821
575,45064234,45064234,0.0005948812899406781
576,45064234,45064234,0.0006488722714920035
577,45064234,45064234,0.0005948812899406781
578,45064234,45064234,0.0004078929655641873
579,45064234,45064234,0.0006406751116617522
580,45064234,45064234,0.0004078929655641873
581,45064234,45064234,0.0006950303226838475
582,45064234,45064234,4.846299869054038e-05
583,45064234,45064234,4.846299869054038e-05
584,45064234,45064234,0.0005948812899406781
585,45064234,45064234,0.00039174425367054607
586,45064234,45064234,0.0006950303226838475
587,45064234,45064234,0.00039174425367054607
588,45064234,45064234,0.00039174425367054607
589,45064234,45064234,0.00039174425367054607
590,45064234,45064234,0.00038623827932002383
591,45064234,45064234,0.00038623827932002383
592,45064234,45064234,0.00038623827932002383
593,45064234,45064234,0.00039174425367054607
594,45064234,45064234,0.00039174425367054607
595,45064234,45064234,0.00039174425367054607
596,45064234,45064234,0.0006594582418139618
597,45064234,45064234,0.0006594582418139618
598,45064234,45064234,0.0006594582418139618
599,45064234,45064234,0.0014905327158236934
600,45064234,45064234,0.0004078929655641873
601,45064234,45064234,0.0003970636926064186
602,45064234,45064234,0.0003970636926064186
603,45064234,45064234,0.0004216698071144651
604,45064234,45064234,0.0004216698071144651
605,45064234,45064234,0.0006950303226838475
606,45064234,45064234,0.0004078929655641873
607,45064234,45064234,0.0004078929655641873
608,45064234,45064234,0.00039174425367054607
609,45064234,45064234,0.0004078929655641873
610,45064234,45064234,0.00039174425367054607
611,45064234,45064234,0.0004078929655641873
612,45064234,45064234,0.0004078929655641873
613,45064234,45064234,0.0005719889746364466
614,45064234,45064234,0.0006962517478540968
615,45064234,45064234,0.0006950303226838475
616,45064234,45064234,0.0004078929655641873
617,45064234,45064234,0.0006950303226838475
618,45064234,45064234,0.0004982145328557862
619,45064234,45064234,0.008717872901640104
620,45064234,45064234,0.0006406751116617522
621,45064234,45064234,0.00039174425367054607
622,45064234,45064234,0.0004078929655641873
623,45064234,45064234,0.00039174425367054607
624,45064234,45064234,0.0004078929655641873
625,45064234,45064234,0.0006950303226838475
626,45064234,45064234,0.0004216698071144651
627,45064234,45064234,0.0004078929655641873
628,45064234,45064234,0.0004078929655641873
629,45064234,45064234,0.0002757662827927579
630,45064234,45064234,0.00039174425367054607
631,45064234,45064234,0.00039174425367054607
632,45064234,45064234,0.00039174425367054607
633,45064234,45064234,0.0004078929655641873
634,45064234,45064234,0.0004078929655641873
635,45064234,45064234,0.0004677897124120272
636,45064234,45064234,0.0004677897124120272
637,378103920,45064234,0.0006950303226838475
638,45064234,45064234,0.00039174425367054607
639,45064234,45064234,0.0004078929655641873
640,45064234,45064234,0.0014905327158236934
641,45064234,45064234,0.0004078929655641873
642,45064234,45064234,0.0004078929655641873
643,45064234,45064234,0.00039174425367054607
644,45064234,45064234,0.00039174425367054607
645,45064234,45064234,0.0004078929655641873
646,45064234,45064234,0.0004078929655641873
647,321267997,45064234,0.0005948812899406781
648,45064234,45064234,0.0006950303226838475
649,45064234,45064234,0.0004078929655641873
650,45064234,45064234,0.0004078929655641873
651,45064234,45064234,0.0006950303226838475
652,45064234,45064234,0.0004078929655641873
653,45064234,45064234,0.0005948812899406781
654,45064234,45064234,0.0004078929655641873
655,45064234,45064234,0.0004078929655641873
656,45064234,45064234,0.00039174425367054607
657,45064234,45064234,0.0004078929655641873
658,45064234,45064234,0.0006950303226838475
659,45064234,45064234,0.00039174425367054607
660,45064234,45064234,0.0014905327158236934
661,45064234,45064234,0.00039174425367054607
662,45064234,45064234,0.0004078929655641873
663,45064234,45064234,0.0005948812899406781
664,45064234,45064234,0.0004078929655641873
665,45064234,45064234,0.00039174425367054607
666,45064234,45064234,0.0005719889746364466
667,45064234,45064234,0.00039174425367054607
668,45064234,45064234,0.0005948812899406781
669,45064234,45064234,0.0004078929655641873
670,45064234,45064234,0.0004078929655641873
671,45064234,45064234,0.0004078929655641873
672,45064234,45064234,0.0004078929655641873
673,45064234,45064234,0.0006962517478540968
674,45064234,45064234,0.00039174425367054607
675,45064234,45064234,0.00039174425367054607
676,45064234,45064234,0.0005948812899406781
677,45064234,45064234,0.00039174425367054607
678,45064234,45064234,0.0006594582418139618
679,45064234,45064234,0.00039174425367054607
680,45064234,45064234,0.0004078929655641873
681,45064234,45064234,0.0004078929655641873
682,45064234,45064234,0.0006962517478540968
683,45064234,45064234,0.0004078929655641873
684,45064234,45064234,0.0005948812899406781
685,45064234,45064234,0.009247542941698455
686,45064234,45064234,0.0013607881597884736
687,45064234,45064234,0.0013607881597884736
688,45064234,45064234,0.0005948812899406781
689,45064234,45064234,0.0006488722714920035
690,45064234,45064234,0.0005948812899406781
691,45064234,45064234,0.0004078929655641873
692,45064234,45064234,0.00039174425367054607
693,45064234,45064234,0.0006406751116617522
694,45064234,45064234,0.0004078929655641873
695,45064234,45064234,0.008717872901640104
696,45064234,45064234,0.00039174425367054607
697,45064234,45064234,0.0006594582418139618
698,45064234,45064234,0.0006594582418139618
699,45064234,45064234,0.0006950303226838475
700,45064234,45064234,0.009247542941698455
701,45064234,45064234,0.0006950303226838475
702,45064234,45064234,0.0004078929655641873
703,45064234,45064234,0.0005719889746364466
704,45064234,45064234,0.00039174425367054607
705,45064234,45064234,0.00039174425367054607
706,45064234,45064234,0.00039174425367054607
707,45064234,45064234,0.00039174425367054607
708,45064234,45064234,0.0006950303226838475
709,45064234,45064234,0.0006950303226838475
710,45064234,45064234,0.00039174425367054607
711,45064234,45064234,0.00039174425367054607
712,45064234,45064234,0.0005948812899406781
713,45064234,45064234,0.00039174425367054607
714,45064234,45064234,0.0006962517478540968
715,45064234,45064234,0.0005948812899406781
716,45064234,45064234,0.0004078929655641873
717,45064234,45064234,0.0006950303226838475
718,45064234,45064234,0.0004078929655641873
719,45064234,45064234,0.0005948812899406781
720,45064234,45064234,0.00039174425367054607
721,45064234,45064234,0.00039174425367054607
722,45064234,45064234,0.0004078929655641873
723,45064234,45064234,0.0006950303226838475
724,45064234,45064234,0.00039174425367054607
725,45064234,45064234,0.0004078929655641873
726,45064234,45064234,0.0005719889746364466
727,45064234,45064234,0.0003970636926064186
728,45064234,45064234,0.0006594582418139618
729,45064234,45064234,0.00039174425367054607
730,45064234,45064234,0.0004078929655641873
731,45064234,45064234,0.0004078929655641873
732,45064234,45064234,0.0004078929655641873
733,45064234,45064234,0.0006950303226838475
734,45064234,45064234,0.0005948812899406781
735,45064234,45064234,0.000155436203117221
736,45064234,45064234,0.0006950303226838475
737,45064234,45064234,0.00039174425367054607
738,378103920,45064234,0.0006950303226838475
739,45064234,45064234,0.0004078929655641873
740,45064234,45064234,0.0004078929655641873
741,45064234,45064234,0.00039174425367054607
742,45064234,45064234,0.0003362106417623298
743,45064234,45064234,0.00039174425367054607
744,45064234,45064234,0.0005948812899406781
745,45064234,45064234,0.00039174425367054607
746,45064234,45064234,0.0004078929655641873
747,45064234,45064234,0.00039174425367054607
748,45064234,45064234,0.0005719889746364466
749,45064234,45064234,0.00039174425367054607
750,45064234,45064234,0.0006950303226838475
751,45064234,45064234,0.00039174425367054607
752,45064234,45064234,0.0004078929655641873
753,45064234,45064234,0.00039174425367054607
754,45064234,45064234,0.0004078929655641873
755,45064234,45064234,0.00039174425367054607
756,45064234,45064234,0.0004216698071144651
757,45064234,45064234,0.0006950303226838475
758,45064234,45064234,0.0006950303226838475
759,45064234,45064234,0.0006474116271063827
760,45064234,45064234,0.00039174425367054607
761,45064234,45064234,0.00039174425367054607
762,45064234,45064234,0.0004078929655641873
763,45064234,45064234,0.00039174425367054607
764,45064234,45064234,0.0006950303226838475
765,45064234,45064234,0.0004078929655641873
766,45064234,45064234,0.0004078929655641873
767,45064234,45064234,0.0004078929655641873
768,45064234,45064234,0.0004078929655641873
769,45064234,45064234,0.0006406751116617522
770,45064234,45064234,0.00039174425367054607
771,45064234,45064234,0.00039174425367054607
772,45064234,45064234,0.0004078929655641873
773,45064234,45064234,0.00039174425367054607
774,45064234,45064234,0.00039174425367054607
775,45064234,45064234,0.0004078929655641873
776,45064234,45064234,0.00039174425367054607
777,45064234,45064234,0.0005948812899406781
778,45064234,45064234,0.0004078929655641873
779,45064234,45064234,0.0006406751116617522
780,45064234,45064234,0.00039174425367054607
781,45064234,45064234,0.0005948812899406781
782,45064234,45064234,0.0013607881597884736
783,45064234,45064234,0.0006594582418139618
784,45064234,45064234,0.0004078929655641873
785,45064234,45064234,0.0004078929655641873
786,45064234,45064234,0.00039174425367054607
787,45064234,45064234,0.00039174425367054607
788,45064234,45064234,0.0004078929655641873
789,45064234,45064234,0.0004078929655641873
790,45064234,45064234,0.00039174425367054607
791,45064234,45064234,0.0004078929655641873
792,45064234,45064234,0.0002200568737564678
793,45064234,45064234,0.0004078929655641873
794,45064234,45064234,0.0006950303226838475
795,45064234,45064234,0.00039174425367054607
796,45064234,45064234,0.0005719889746364466
797,45064234,45064234,0.00039174425367054607
798,45064234,45064234,0.00039174425367054607
799,45064234,45064234,0.00039174425367054607
800,45064234,45064234,0.0004078929655641873
801,45064234,45064234,0.0004078929655641873
802,45064234,45064234,0.0005948812899406781
803,45064234,45064234,0.0005948812899406781
804,45064234,45064234,0.0005948812899406781
805,45064234,45064234,0.00039174425367054607
806,45064234,45064234,0.0004078929655641873
807,45064234,45064234,0.00039174425367054607
808,45064234,45064234,0.0006950303226838475
809,45064234,45064234,0.0004078929655641873
810,45064234,45064234,0.00039174425367054607
811,45064234,45064234,0.00039174425367054607
812,45064234,45064234,0.00039174425367054607
813,45064234,45064234,0.0006488722714920035
814,45064234,45064234,0.00039174425367054607
815,45064234,45064234,0.00039174425367054607
816,45064234,45064234,0.0004078929655641873
817,45064234,45064234,0.0004078929655641873
818,45064234,45064234,0.0004078929655641873
819,45064234,45064234,0.00039174425367054607
820,45064234,45064234,0.00039174425367054607
821,45064234,45064234,0.0005948812899406781
822,45064234,45064234,0.0005948812899406781
823,45064234,45064234,0.0005948812899406781
824,45064234,45064234,0.0004078929655641873
825,45064234,45064234,0.0004078929655641873
826,45064234,45064234,0.0004078929655641873
827,45064234,45064234,0.0004078929655641873
828,45064234,45064234,0.0004078929655641873
829,45064234,45064234,0.00039174425367054607
830,45064234,45064234,0.0004078929655641873
831,45064234,45064234,0.0005948812899406781
832,45064234,45064234,0.0006950303226838475
833,45064234,45064234,0.0005719889746364466
834,45064234,45064234,0.00039174425367054607
835,45064234,45064234,0.0002775876748721474
836,45064234,45064234,0.00039174425367054607
837,45064234,45064234,0.000443765716232544
838,45064234,45064234,0.00039174425367054607
839,45064234,45064234,0.0004078929655641873
840,45064234,45064234,0.0006406751116617522
841,45064234,45064234,0.0005719889746364466
842,45064234,45064234,0.00039174425367054607
843,45064234,45064234,0.0004078929655641873
844,45064234,45064234,0.0006594582418139618
845,45064234,45064234,0.00039174425367054607
846,45064234,45064234,0.00039174425367054607
847,45064234,45064234,0.00039174425367054607
848,45064234,45064234,0.00038623827932002383
849,45064234,45064234,0.00039174425367054607
850,45064234,45064234,0.0004078929655641873
851,45064234,45064234,0.00039174425367054607
852,45064234,45064234,0.0006950303226838475
853,45064234,45064234,0.0004078929655641873
854,45064234,45064234,0.0006950303226838475
855,45064234,45064234,0.00039174425367054607
856,45064234,45064234,0.0004078929655641873
857,45064234,45064234,0.00039174425367054607
858,45064234,45064234,0.0004078929655641873
859,45064234,45064234,0.0004078929655641873
860,45064234,45064234,0.0004078929655641873
861,45064234,45064234,0.00039174425367054607
862,45064234,45064234,0.0004078929655641873
863,45064234,45064234,0.0004078929655641873
864,45064234,45064234,0.00039174425367054607
865,45064234,45064234,0.00039174425367054607
866,45064234,45064234,0.0006950303226838475
867,45064234,45064234,0.0006594582418139618
868,45064234,45064234,0.00039174425367054607
869,45064234,45064234,0.00039174425367054607
870,45064234,45064234,0.00039174425367054607
871,45064234,45064234,0.00039174425367054607
872,45064234,45064234,0.0005804249092539679
873,45064234,45064234,0.0006594582418139618
874,106435580,45064234,0.0006488722714920035
875,45064234,45064234,0.0004078929655641873
876,45064234,45064234,0.0005948812899406781
877,45064234,45064234,0.00039174425367054607
878,45064234,45064234,0.00039174425367054607
879,45064234,45064234,0.00039174425367054607
880,45064234,45064234,0.00039174425367054607
881,45064234,45064234,0.0004078929655641873
882,45064234,45064234,0.0004078929655641873
883,321267997,45064234,0.00039174425367054607
884,45064234,45064234,0.00039174425367054607
885,45064234,45064234,0.0004078929655641873
886,45064234,45064234,0.0004078929655641873
887,45064234,45064234,0.00039174425367054607
888,45064234,45064234,0.0004078929655641873
889,45064234,45064234,0.0004078929655641873
890,45064234,45064234,0.0004078929655641873
891,45064234,45064234,0.00039174425367054607
892,45064234,45064234,0.0004078929655641873
893,45064234,45064234,0.00039174425367054607
894,45064234,45064234,0.00039174425367054607
895,45064234,45064234,0.0004078929655641873
896,45064234,45064234,0.00039174425367054607
897,378103920,45064234,0.0005948812899406781
898,45064234,45064234,0.009247542941698455
899,45064234,45064234,0.000367560324418194
900,45064234,45064234,0.00039174425367054607
901,45064234,45064234,0.0005948812899406781
902,45064234,45064234,0.0005948812899406781
903,45064234,45064234,0.00039174425367054607
904,45064234,45064234,0.0005948812899406781
905,45064234,45064234,0.00039174425367054607
906,45064234,45064234,0.0004976656296521795
907,45064234,45064234,0.0006594582418139618
908,45064234,45064234,0.0006962517478540968
909,45064234,45064234,0.00039174425367054607
910,45064234,45064234,0.00039174425367054607
911,45064234,45064234,0.0006594582418139618
912,45064234,45064234,0.0004078929655641873
913,45064234,45064234,0.00039174425367054607
914,45064234,45064234,0.0004078929655641873
915,45064234,45064234,0.00039174425367054607
916,45064234,45064234,0.0006594582418139618
917,45064234,45064234,0.0006594582418139618
918,45064234,45064234,0.0004078929655641873
919,45064234,45064234,0.00039174425367054607
920,45064234,45064234,0.00039174425367054607
921,45064234,45064234,0.00039174425367054607
922,45064234,45064234,0.0004078929655641873
923,45064234,45064234,0.0004078929655641873
924,45064234,45064234,0.00039174425367054607
925,45064234,45064234,0.0005948812899406781
926,45064234,45064234,0.0006406751116617522
927,45064234,45064234,0.0005719889746364466
928,45064234,45064234,0.0003970636926064186
929,45064234,45064234,0.008717872901640104
930,45064234,45064234,0.00039174425367054607
931,45064234,45064234,0.0004078929655641873
932,45064234,45064234,0.0005948812899406781
933,45064234,45064234,0.00039174425367054607
934,45064234,45064234,0.0004078929655641873
935,45064234,45064234,0.0004078929655641873
936,45064234,45064234,0.00039174425367054607
937,45064234,45064234,0.008717872901640104
938,45064234,45064234,0.0004078929655641873
939,45064234,45064234,0.0004078929655641873
940,45064234,45064234,0.0006962517478540968
941,45064234,45064234,0.0004078929655641873
942,45064234,45064234,0.0004078929655641873
943,45064234,45064234,0.0004078929655641873
944,45064234,45064234,0.0005948812899406781
945,45064234,45064234,0.0004078929655641873
946,45064234,45064234,0.00039174425367054607
947,45064234,45064234,0.00039174425367054607
948,45064234,45064234,0.0005948812899406781
949,45064234,45064234,0.0006406751116617522
950,45064234,45064234,0.00039174425367054607
951,45064234,45064234,0.00039174425367054607
952,45064234,45064234,0.0004078929655641873
953,45064234,45064234,0.00038517108018509626
954,45064234,45064234,0.00039174425367054607
955,45064234,45064234,0.00039174425367054607
956,45064234,45064234,0.00039174425367054607
957,45064234,45064234,0.0004078929655641873
958,45064234,45064234,0.0004078929655641873
959,321267997,45064234,0.00039174425367054607
960,45064234,45064234,0.00039174425367054607
961,45064234,45064234,0.0004078929655641873
962,45064234,45064234,0.0006488722714920035
963,45064234,45064234,0.00039174425367054607
964,45064234,45064234,0.0006962517478540968
965,45064234,45064234,0.0005948812899406781
966,45064234,45064234,0.0006962517478540968
967,45064234,45064234,0.00039174425367054607
968,45064234,45064234,0.00039174425367054607
969,45064234,45064234,0.0005948812899406781
970,45064234,45064234,0.00039174425367054607
971,45064234,45064234,0.00039174425367054607
972,45064234,45064234,0.0004078929655641873
973,45064234,45064234,0.0004078929655641873
974,45064234,45064234,0.0004078929655641873
975,45064234,45064234,0.0004078929655641873
976,45064234,45064234,0.00039174425367054607
977,45064234,45064234,0.0004078929655641873
978,45064234,45064234,0.000367560324418194
979,45064234,45064234,0.00039174425367054607
980,45064234,45064234,0.0006962517478540968
981,45064234,45064234,0.00039174425367054607
982,45064234,45064234,0.0005948812899406781
983,45064234,45064234,0.0004078929655641873
984,45064234,45064234,0.00039174425367054607
985,45064234,45064234,0.00039174425367054607
986,45064234,45064234,0.00039174425367054607
987,45064234,45064234,0.00039174425367054607
988,45064234,45064234,0.0004078929655641873
989,45064234,45064234,0.0004078929655641873
990,45064234,45064234,0.0004078929655641873
991,45064234,45064234,0.00038623827932002383
992,45064234,45064234,0.00039174425367054607
993,45064234,45064234,0.00039174425367054607
994,45064234,45064234,0.0005948812899406781
995,45064234,45064234,0.0006962517478540968
996,45064234,45064234,0.00039174425367054607
997,45064234,45064234,0.0004078929655641873
998,45064234,45064234,0.0004078929655641873
999,45064234,45064234,0.00039174425367054607
1000,45064234,45064234,0.0006406751116617522
1001,45064234,45064234,0.0006169006233576128
1002,45064234,45064234,0.0004078929655641873
1003,45064234,45064234,0.0004078929655641873
1004,45064234,45064234,0.0004078929655641873
1005,45064234,45064234,0.0006406751116617522
1006,45064234,45064234,0.0003970636926064186
1007,45064234,45064234,0.0006962517478540968
1008,45064234,45064234,0.0001024421110531748
1009,45064234,45064234,0.0006950303226838475
1010,45064234,45064234,0.0004078929655641873
1011,45064234,45064234,0.00039174425367054607
1012,45064234,45064234,0.00039174425367054607
1013,45064234,45064234,0.0004078929655641873
1014,45064234,45064234,0.00039174425367054607
1015,45064234,45064234,0.0004078929655641873
1016,45064234,45064234,0.0006950303226838475
1017,45064234,45064234,0.00039174425367054607
1018,45064234,45064234,0.0005793214724858517
1019,45064234,45064234,0.0003362106417623298
1020,45064234,45064234,0.0003362106417623298
1021,45064234,45064234,0.0004078929655641873
1022,45064234,45064234,0.0005948812899406781
1023,45064234,45064234,0.0006950303226838475
1024,45064234,45064234,0.0004078929655641873
1025,45064234,45064234,0.00039174425367054607
1026,45064234,45064234,0.00039174425367054607
1027,45064234,45064234,0.00039174425367054607
1028,45064234,45064234,0.0004078929655641873
1029,45064234,45064234,0.00039174425367054607
1030,45064234,45064234,0.00039174425367054607
1031,45064234,45064234,0.00039174425367054607
1032,45064234,45064234,0.0005948812899406781
1033,45064234,45064234,0.00039174425367054607
1034,45064234,45064234,0.0004078929655641873
1035,45064234,45064234,0.00039174425367054607
1036,45064234,45064234,0.00039174425367054607
1037,45064234,45064234,0.0004078929655641873
1038,45064234,45064234,0.00039174425367054607
1039,45064234,45064234,0.0013607881597884736
1040,45064234,45064234,0.0004078929655641873
1041,45064234,45064234,0.0006950303226838475
1042,45064234,45064234,0.00039174425367054607
1043,45064234,45064234,0.0004078929655641873
1044,378103920,45064234,0.0004078929655641873
1045,45064234,45064234,0.00039174425367054607
1046,45064234,45064234,0.0006950303226838475
1047,45064234,45064234,0.0013607881597884736
1048,45064234,45064234,0.0006169006233576128
1049,45064234,45064234,0.00039174425367054607
1050,45064234,45064234,0.00039174425367054607
1051,45064234,45064234,0.00039174425367054607
1052,45064234,45064234,0.00039174425367054607
1053,45064234,45064234,0.0005793214724858517
1054,45064234,45064234,0.0004078929655641873
1055,45064234,45064234,0.0006950303226838475
1056,45064234,45064234,0.0006950303226838475
1057,45064234,45064234,0.0005948812899406781
1058,45064234,45064234,0.00039174425367054607
1059,45064234,45064234,0.0004078929655641873
1060,45064234,45064234,0.00039174425367054607
1061,45064234,45064234,0.0003970636926064186
1062,45064234,45064234,0.0004078929655641873
1063,45064234,45064234,0.0006406751116617522
1064,45064234,45064234,0.0006950303226838475
1065,45064234,45064234,0.0004078929655641873
1066,45064234,45064234,0.0004078929655641873
1067,45064234,45064234,0.0004078929655641873
1068,45064234,45064234,0.00039174425367054607
1069,45064234,45064234,0.00039174425367054607
1070,45064234,45064234,0.00039174425367054607
1071,45064234,45064234,0.008717872901640104
1072,45064234,45064234,0.0006962517478540968
1073,45064234,45064234,0.0006594582418139618
1074,45064234,45064234,0.0004078929655641873
1075,45064234,45064234,0.00039174425367054607
1076,45064234,45064234,0.0006962517478540968
1077,45064234,45064234,0.00039174425367054607
1078,45064234,45064234,0.0004078929655641873
1079,45064234,45064234,0.0004078929655641873
1080,45064234,45064234,0.0004078929655641873
1081,45064234,45064234,0.00039174425367054607
1082,45064234,45064234,0.0004078929655641873
1083,45064234,45064234,0.0005378210830291677
1084,45064234,45064234,0.0004078929655641873
1085,45064234,45064234,0.00039174425367054607
1086,45064234,45064234,0.0004078929655641873
1087,45064234,45064234,0.0004216698071144651
1088,45064234,45064234,0.0005948812899406781
1089,45064234,45064234,0.000373103712556723
1090,45064234,45064234,0.0003995015810726407
1091,45064234,45064234,0.0006169006233576128
1092,45064234,45064234,0.0004078929655641873
1093,45064234,45064234,0.0004078929655641873
1094,45064234,45064234,0.00039174425367054607
1095,45064234,45064234,0.00038623827932002383
1096,45064234,45064234,0.0006950303226838475
1097,45064234,45064234,0.00039174425367054607
1098,45064234,45064234,0.00039174425367054607
1099,45064234,45064234,0.00039174425367054607
1100,45064234,45064234,0.00039174425367054607
1101,45064234,45064234,0.00039174425367054607
1102,45064234,45064234,0.00039174425367054607
1103,45064234,45064234,0.0004078929655641873
1104,45064234,45064234,0.00039174425367054607
1105,45064234,45064234,0.0005948812899406781
1106,45064234,45064234,0.00039174425367054607
1107,45064234,45064234,0.0006950303226838475
1108,45064234,45064234,0.0004078929655641873
1109,45064234,45064234,0.0005948812899406781
1110,45064234,45064234,0.0005948812899406781
1111,45064234,45064234,0.0005948812899406781
1112,45064234,45064234,0.00039174425367054607
1113,45064234,45064234,0.0004078929655641873
1114,45064234,45064234,0.00039174425367054607
1115,45064234,45064234,0.0004078929655641873
1116,45064234,45064234,0.00039174425367054607
1117,45064234,45064234,0.0004078929655641873
1118,45064234,45064234,0.00039174425367054607
1119,45064234,45064234,0.00039174425367054607
1120,45064234,45064234,0.0004078929655641873
1121,45064234,45064234,0.0004078929655641873
1122,45064234,45064234,0.00039174425367054607
1123,45064234,45064234,0.000367560324418194
1124,45064234,45064234,0.00039174425367054607
1125,45064234,45064234,0.0004078929655641873
1126,45064234,45064234,0.0005948812899406781
1127,45064234,45064234,0.00039174425367054607
1128,45064234,45064234,0.0004078929655641873
1129,45064234,45064234,0.0006406751116617522
1130,45064234,45064234,0.00016965160132105734
1131,45064234,45064234,0.0006962517478540968
1132,45064234,45064234,0.0006950303226838475
1133,45064234,45064234,0.0004078929655641873
1134,45064234,45064234,0.0004078929655641873
1135,45064234,45064234,0.0004078929655641873
1136,45064234,45064234,0.00039174425367054607
1137,45064234,45064234,0.0003970636926064186
1138,45064234,45064234,0.0004078929655641873
1139,45064234,45064234,0.0004078929655641873
1140,45064234,45064234,0.0005948812899406781
1141,45064234,45064234,0.0004982145328557862
1142,45064234,45064234,0.0004078929655641873
1143,45064234,45064234,0.000443765716232544
1144,45064234,45064234,0.00039174425367054607
1145,45064234,45064234,0.0004078929655641873
1146,45064234,45064234,0.0006950303226838475
1147,45064234,45064234,0.0004078929655641873
1148,45064234,45064234,0.0004078929655641873
1149,45064234,45064234,0.009247542941698455
1150,45064234,45064234,0.009247542941698455
1151,45064234,45064234,0.00039174425367054607
1152,45064234,45064234,0.00039174425367054607
1153,45064234,45064234,0.00039174425367054607
1154,45064234,45064234,0.00039174425367054607
1155,45064234,45064234,0.0004078929655641873
1156,45064234,45064234,0.00039174425367054607
1157,45064234,45064234,0.0003733378473233749
1158,45064234,45064234,0.00045613006626625134
1159,45064234,45064234,0.0005948812899406781
1160,45064234,45064234,0.0004078929655641873
1161,45064234,45064234,0.00039174425367054607
1162,45064234,45064234,0.0006950303226838475
1163,45064234,45064234,0.00039174425367054607
1164,45064234,45064234,0.0004078929655641873
1165,45064234,45064234,0.00039174425367054607
1166,45064234,45064234,0.00039174425367054607
1167,45064234,45064234,0.0006950303226838475
1168,45064234,45064234,0.0006406751116617522
1169,45064234,45064234,0.0004078929655641873
1170,45064234,45064234,0.0004078929655641873
1171,45064234,45064234,0.0013607881597884736
1172,45064234,45064234,0.0001024421110531748
1173,45064234,45064234,0.0004078929655641873
1174,45064234,45064234,0.0004078929655641873
1175,45064234,45064234,0.0004078929655641873
1176,45064234,45064234,0.00039174425367054607
1177,45064234,45064234,0.00039174425367054607
1178,45064234,45064234,0.00039174425367054607
1179,45064234,45064234,0.0004078929655641873
1180,45064234,45064234,0.0005948812899406781
1181,45064234,45064234,0.00018250456092242526
1182,45064234,45064234,0.0004078929655641873
1183,45064234,45064234,0.00039174425367054607
1184,45064234,45064234,0.00039174425367054607
1185,45064234,45064234,0.00039174425367054607
1186,45064234,45064234,0.00039174425367054607
1187,45064234,45064234,0.0004078929655641873
1188,45064234,45064234,0.00039174425367054607
1189,45064234,45064234,0.0014905327158236934
1190,45064234,45064234,0.0006950303226838475
1191,45064234,45064234,0.0005948812899406781
1192,45064234,45064234,0.00039174425367054607
1193,45064234,45064234,0.0006594582418139618
1194,45064234,45064234,0.0004078929655641873
1195,45064234,45064234,0.0004078929655641873
1196,45064234,45064234,0.0004078929655641873
1197,45064234,45064234,0.0004078929655641873
1198,45064234,45064234,0.0006169006233576128
1199,45064234,45064234,0.0006950303226838475
1200,45064234,45064234,0.0002343439061133573
1201,45064234,45064234,0.00039174425367054607
1202,45064234,45064234,0.0004078929655641873
1203,45064234,45064234,0.0004078929655641873
1204,45064234,45064234,0.0004078929655641873
1205,45064234,45064234,0.0004078929655641873
1206,45064234,45064234,0.0004078929655641873
1207,45064234,45064234,0.0006594582418139618
1208,45064234,45064234,0.00039174425367054607
1209,45064234,45064234,0.0004078929655641873
1210,45064234,45064234,0.00039174425367054607
1211,45064234,45064234,0.0004078929655641873
1212,45064234,45064234,0.00039174425367054607
1213,45064234,45064234,0.0006406751116617522
1214,45064234,45064234,0.0005948812899406781
1215,45064234,45064234,0.0005719889746364466
1216,45064234,45064234,0.0004078929655641873
1217,45064234,45064234,0.0004078929655641873
1218,45064234,45064234,0.00039174425367054607
1219,45064234,45064234,0.00039174425367054607
1220,45064234,45064234,0.00039174425367054607
1221,45064234,45064234,0.0005719889746364466
1222,45064234,45064234,0.0004078929655641873
1223,45064234,45064234,0.00039174425367054607
1224,45064234,45064234,0.0006950303226838475
1225,45064234,45064234,0.0006406751116617522
1226,45064234,45064234,0.000367560324418194
1227,45064234,45064234,0.0004078929655641873
1228,45064234,45064234,0.0005719889746364466
1229,45064234,45064234,0.00039174425367054607
1230,45064234,45064234,0.00039174425367054607
1231,45064234,45064234,0.0004078929655641873
1232,45064234,45064234,0.00039174425367054607
1233,45064234,45064234,0.00039174425367054607
1234,45064234,45064234,0.00039174425367054607
1235,45064234,45064234,0.0008205889739358055
1236,45064234,45064234,0.00039174425367054607
1237,45064234,45064234,0.0004078929655641873
1238,45064234,45064234,0.0004078929655641873
1239,45064234,45064234,0.00039174425367054607
1240,45064234,45064234,5.689477244645555e-05
1241,45064234,45064234,0.0004078929655641873
1242,45064234,45064234,0.0006950303226838475
1243,45064234,45064234,0.00039174425367054607
1244,45064234,45064234,0.0004078929655641873
1245,45064234,45064234,0.0004078929655641873
1246,45064234,45064234,0.0006950303226838475
1247,45064234,45064234,0.0006950303226838475
1248,45064234,45064234,0.0006950303226838475
1249,45064234,45064234,0.0004078929655641873
1250,45064234,45064234,0.0005948812899406781
1251,45064234,45064234,0.00039174425367054607
1252,45064234,45064234,0.0004078929655641873
1253,45064234,45064234,0.00038517108018509626
1254,45064234,45064234,0.0004078929655641873
1255,45064234,45064234,0.0004078929655641873
1256,45064234,45064234,0.009247542941698455
1257,45064234,45064234,0.00039174425367054607
1258,45064234,45064234,0.0004078929655641873
1259,45064234,45064234,0.0006950303226838475
1260,45064234,45064234,0.0004078929655641873
1261,45064234,45064234,0.0006950303226838475
1262,45064234,45064234,0.0004078929655641873
1263,45064234,45064234,0.0006950303226838475
1264,45064234,45064234,0.0006950303226838475
1265,45064234,45064234,0.0006950303226838475
1266,45064234,45064234,0.00039174425367054607
1267,45064234,45064234,0.00039174425367054607
1268,45064234,45064234,0.0004677897124120272
1269,45064234,45064234,0.0005948812899406781
1270,45064234,45064234,0.0006594582418139618
1271,45064234,45064234,0.0005948812899406781
1272,45064234,45064234,0.0006950303226838475
1273,45064234,45064234,0.0005948812899406781
1274,45064234,45064234,0.00039174425367054607
1275,45064234,45064234,0.00010615704475070751
1276,45064234,45064234,0.008717872901640104
1277,45064234,45064234,0.0004078929655641873
1278,45064234,45064234,0.00039174425367054607
1279,45064234,45064234,0.00039174425367054607
1280,45064234,45064234,0.0005948812899406781
1281,45064234,45064234,0.0004078929655641873
1282,45064234,45064234,0.00039174425367054607
1283,45064234,45064234,0.00039174425367054607
1284,45064234,45064234,0.0005948812899406781
1285,45064234,45064234,0.00039174425367054607
1286,45064234,45064234,0.00039174425367054607
1287,45064234,45064234,0.0005948812899406781
1288,45064234,45064234,0.0005948812899406781
1289,45064234,45064234,0.00039174425367054607
1290,45064234,45064234,0.0004078929655641873
1291,45064234,45064234,0.0004078929655641873
1292,45064234,45064234,0.0006962517478540968
1293,45064234,45064234,0.0004078929655641873
1294,45064234,45064234,0.00039174425367054607
1295,45064234,45064234,0.0006406751116617522
1296,45064234,45064234,0.00038623827932002383
1297,45064234,45064234,0.0006950303226838475
1298,45064234,45064234,0.0005948812899406781
1299,45064234,45064234,0.0004078929655641873
1300,45064234,45064234,0.00039174425367054607
1301,45064234,45064234,0.0004078929655641873
1302,45064234,45064234,0.00039174425367054607
1303,45064234,45064234,0.0004078929655641873
1304,45064234,45064234,0.0006406751116617522
1305,45064234,45064234,0.00039174425367054607
1306,45064234,45064234,0.0005948812899406781
1307,45064234,45064234,0.0004078929655641873
1308,45064234,45064234,0.00039174425367054607
1309,45064234,45064234,0.0005948812899406781
1310,45064234,45064234,0.0005948812899406781
1311,45064234,45064234,0.0004078929655641873
1312,45064234,45064234,0.0004078929655641873
1313,45064234,45064234,0.00039174425367054607
1314,45064234,45064234,0.0004078929655641873
1315,45064234,45064234,0.00039174425367054607
1316,45064234,45064234,0.000526236123915535
1317,45064234,45064234,0.00039174425367054607
1318,45064234,45064234,0.00039174425367054607
1319,45064234,45064234,0.0004078929655641873
1320,45064234,45064234,0.0004078929655641873
1321,45064234,45064234,0.0005232427826100621
1322,45064234,45064234,0.0005948812899406781
1323,45064234,45064234,0.00039174425367054607
1324,45064234,45064234,0.0004078929655641873
1325,45064234,45064234,0.0003970636926064186
1326,45064234,45064234,0.0004078929655641873
1327,45064234,45064234,0.00039174425367054607
1328,45064234,45064234,0.0004078929655641873
1329,45064234,45064234,0.00039174425367054607
1330,45064234,45064234,0.0001024421110531748
1331,45064234,45064234,0.00038623827932002383
1332,45064234,45064234,0.0006594582418139618
1333,45064234,45064234,0.0005948812899406781
1334,45064234,45064234,0.00039174425367054607
1335,45064234,45064234,0.0005948812899406781
1336,45064234,45064234,0.00039174425367054607
1337,45064234,45064234,0.0004078929655641873
1338,45064234,45064234,0.0006406751116617522
1339,45064234,45064234,0.00039174425367054607
1340,45064234,45064234,0.00039174425367054607
1341,45064234,45064234,0.0004078929655641873
1342,45064234,45064234,0.0004078929655641873
1343,45064234,45064234,0.0005719889746364466
1344,45064234,45064234,0.0005948812899406781
1345,45064234,45064234,0.0005948812899406781
1346,45064234,45064234,0.0004078929655641873
1347,45064234,45064234,0.0004078929655641873
1348,45064234,45064234,0.0004078929655641873
1349,45064234,45064234,0.0005948812899406781
1350,45064234,45064234,0.00039174425367054607
1351,45064234,45064234,0.0004078929655641873
1352,45064234,45064234,0.0006950303226838475
1353,45064234,45064234,0.0004078929655641873
1354,45064234,45064234,0.0004078929655641873
1355,45064234,45064234,0.00039174425367054607
1356,45064234,45064234,0.0004078929655641873
1357,45064234,45064234,0.0004078929655641873
1358,45064234,45064234,0.0004078929655641873
1359,45064234,45064234,0.0004078929655641873
1360,45064234,45064234,0.0004078929655641873
1361,45064234,45064234,0.00039174425367054607
1362,45064234,45064234,0.00039174425367054607
1363,45064234,45064234,0.0005719889746364466
1364,45064234,45064234,0.0006962517478540968
1365,45064234,45064234,0.0005948812899406781
1366,45064234,45064234,0.0006594582418139618
1367,45064234,45064234,0.00039174425367054607
1368,45064234,45064234,0.0002611429528742883
1369,45064234,45064234,0.0002611429528742883
1370,45064234,45064234,0.0004078929655641873
1371,45064234,45064234,0.0004078929655641873
1372,45064234,45064234,0.0006406751116617522
1373,45064234,45064234,0.0004078929655641873
1374,45064234,45064234,0.0006406751116617522
1375,45064234,45064234,0.0004078929655641873
1376,45064234,45064234,0.0006950303226838475
1377,45064234,45064234,0.00039174425367054607
1378,45064234,45064234,0.00039174425367054607
1379,45064234,45064234,0.0004078929655641873
1380,45064234,45064234,0.00039174425367054607
1381,45064234,45064234,0.00039174425367054607
1382,45064234,45064234,0.00039174425367054607
1383,45064234,45064234,0.0004078929655641873
1384,45064234,45064234,0.00039174425367054607
1385,45064234,45064234,0.0004078929655641873
1386,45064234,45064234,0.00039174425367054607
1387,45064234,45064234,0.0006950303226838475
1388,45064234,45064234,0.0006950303226838475
1389,45064234,45064234,0.00039174425367054607
1390,45064234,45064234,0.00039174425367054607
1391,45064234,45064234,0.0007442813376132585
1392,45064234,45064234,0.0014905327158236934
1393,45064234,45064234,0.00039174425367054607
1394,45064234,45064234,0.0004078929655641873
1395,45064234,45064234,0.0004078929655641873
1396,45064234,45064234,0.0004078929655641873
1397,45064234,45064234,0.000443765716232544
1398,45064234,45064234,0.0009318292024644556
1399,45064234,45064234,0.0006950303226838475
1400,45064234,45064234,0.0005948812899406781
1401,45064234,45064234,0.00039174425367054607
1402,45064234,45064234,0.0008798201306989974
1403,45064234,45064234,0.0004078929655641873
1404,45064234,45064234,0.00039174425367054607
1405,45064234,45064234,0.00039174425367054607
1406,45064234,45064234,0.0004078929655641873
1407,45064234,45064234,0.0005719889746364466
1408,45064234,45064234,0.0004078929655641873
1409,45064234,45064234,0.0004078929655641873
1410,45064234,45064234,0.0006406751116617522
1411,45064234,45064234,0.0006950303226838475
1412,45064234,45064234,0.0004078929655641873
1413,45064234,45064234,0.0004078929655641873
1414,45064234,45064234,0.00039174425367054607
1415,45064234,45064234,0.00039174425367054607
1416,45064234,45064234,0.00039174425367054607
1417,45064234,45064234,0.0004078929655641873
1418,45064234,45064234,0.00039174425367054607
1419,45064234,45064234,0.009247542941698455
1420,45064234,45064234,0.00039174425367054607
1421,45064234,45064234,0.0004078929655641873
1422,45064234,45064234,0.0008798201306989974
1423,45064234,45064234,0.0006406751116617522
1424,45064234,45064234,0.00039174425367054607
1425,45064234,45064234,0.00039174425367054607
1426,45064234,45064234,0.0004078929655641873
1427,45064234,45064234,0.0005948812899406781
1428,45064234,45064234,0.0013607881597884736
1429,45064234,45064234,0.00039174425367054607
1430,45064234,45064234,0.0005699327447631437
1431,45064234,45064234,0.00039174425367054607
1432,45064234,45064234,0.0004078929655641873
1433,45064234,45064234,0.00039174425367054607
1434,45064234,45064234,0.008717872901640104
1435,45064234,45064234,0.00039174425367054607
1436,45064234,45064234,0.0005948812899406781
1437,45064234,45064234,0.00039174425367054607
1438,45064234,45064234,0.00039174425367054607
1439,45064234,45064234,0.0006962517478540968
1440,45064234,45064234,0.0006962517478540968
1441,45064234,45064234,0.00039174425367054607
1442,45064234,45064234,0.0006962517478540968
1443,45064234,45064234,0.0004078929655641873
1444,45064234,45064234,0.00039174425367054607
1445,45064234,45064234,0.0005948812899406781
1446,45064234,45064234,0.00039174425367054607
1447,45064234,45064234,0.0006962517478540968
1448,45064234,45064234,0.0006594582418139618
1449,45064234,45064234,0.00039174425367054607
1450,45064234,45064234,0.00039174425367054607
1451,45064234,45064234,0.0006950303226838475
1452,45064234,45064234,0.0004078929655641873
1453,45064234,45064234,0.0004078929655641873
1454,45064234,45064234,0.0004078929655641873
1455,45064234,45064234,0.0004078929655641873
1456,45064234,45064234,0.00039174425367054607
1457,45064234,45064234,0.0004078929655641873
1458,45064234,45064234,0.00039174425367054607
1459,45064234,45064234,0.00039174425367054607
1460,45064234,45064234,0.00039174425367054607
1461,45064234,45064234,0.00039174425367054607
1462,45064234,45064234,0.00039174425367054607
1463,45064234,45064234,0.0004078929655641873
1464,45064234,45064234,0.00039174425367054607
1465,45064234,45064234,0.008717872901640104
1466,45064234,45064234,0.0004078929655641873
1467,45064234,45064234,0.0004078929655641873
1468,45064234,45064234,0.0004078929655641873
1469,45064234,45064234,0.0004078929655641873
1470,45064234,45064234,0.0004078929655641873
1471,45064234,45064234,0.00039174425367054607
1472,45064234,45064234,0.0004078929655641873
1473,45064234,45064234,0.00039174425367054607
1474,45064234,45064234,0.0004078929655641873
1475,45064234,45064234,0.00039174425367054607
1476,45064234,45064234,0.00039174425367054607
1477,45064234,45064234,0.0004078929655641873
1478,45064234,45064234,0.00039174425367054607
1479,45064234,45064234,0.0005948812899406781
1480,45064234,45064234,0.0005719889746364466
1481,45064234,45064234,0.0004078929655641873
1482,45064234,45064234,0.0005948812899406781
1483,45064234,45064234,0.00039174425367054607
1484,45064234,45064234,0.0006406751116617522
1485,45064234,45064234,0.00039174425367054607
1486,45064234,45064234,0.0004078929655641873
1487,45064234,45064234,0.0005948812899406781
1488,45064234,45064234,0.0006962517478540968
1489,45064234,45064234,0.0006962517478540968
1490,45064234,45064234,0.0004078929655641873
1491,45064234,45064234,0.00039174425367054607
1492,45064234,45064234,0.0004677897124120272
1493,45064234,45064234,0.00039174425367054607
1494,45064234,45064234,0.00039174425367054607
1495,45064234,45064234,0.0005948812899406781
1496,45064234,45064234,0.0004078929655641873
1497,45064234,45064234,0.00039174425367054607
1498,45064234,45064234,0.00039174425367054607
1499,45064234,45064234,0.00020600995959045045
1500,45064234,45064234,0.0005948812899406781
1501,45064234,45064234,0.0004078929655641873
1502,45064234,45064234,0.0005948812899406781
1503,45064234,45064234,0.0004078929655641873
1504,45064234,45064234,0.0004078929655641873
1505,45064234,45064234,0.00039174425367054607
1506,45064234,45064234,0.0004078929655641873
1507,45064234,45064234,0.0006950303226838475
1508,45064234,45064234,0.0004078929655641873
1509,45064234,45064234,0.000479775104681273
1510,45064234,45064234,0.00039174425367054607
1511,45064234,45064234,0.0004677897124120272
1512,45064234,45064234,0.0004078929655641873
1513,45064234,45064234,0.0005948812899406781
1514,45064234,45064234,0.00039174425367054607
1515,45064234,45064234,0.0005948812899406781
1516,45064234,45064234,0.0004078929655641873
1517,45064234,45064234,0.0004078929655641873
1518,45064234,45064234,0.0004078929655641873
1519,45064234,45064234,0.0004078929655641873
1520,45064234,45064234,0.00039174425367054607
1521,45064234,45064234,0.0004078929655641873
1522,45064234,45064234,0.0001459800082507741
1523,45064234,45064234,0.0004078929655641873
1524,45064234,45064234,0.0004078929655641873
1525,45064234,45064234,0.0006594582418139618
1526,45064234,45064234,0.00039174425367054607
1527,45064234,45064234,0.0006594582418139618
1528,45064234,45064234,0.0005948812899406781
1529,45064234,45064234,0.0004078929655641873
1530,45064234,45064234,0.0004078929655641873
1531,45064234,45064234,0.0005948812899406781
1532,45064234,45064234,0.00039174425367054607
1533,321267997,45064234,0.00039174425367054607
1534,45064234,45064234,0.0003970636926064186
1535,45064234,45064234,0.0005948812899406781
1536,45064234,45064234,0.0006950303226838475
1537,45064234,45064234,0.0004078929655641873
1538,45064234,45064234,0.00039174425367054607
1539,45064234,45064234,0.00039174425367054607
1540,45064234,45064234,0.0005948812899406781
1541,45064234,45064234,0.0005948812899406781
1542,45064234,45064234,0.0004078929655641873
1543,45064234,45064234,0.00039174425367054607
1544,45064234,45064234,0.0004078929655641873
1545,45064234,45064234,0.00039174425367054607
1546,45064234,45064234,0.0004078929655641873
1547,45064234,45064234,0.0004078929655641873
1548,45064234,45064234,0.0004078929655641873
1549,45064234,45064234,0.00039174425367054607
1550,45064234,45064234,0.0004078929655641873
1551,45064234,45064234,0.0004078929655641873
1552,45064234,45064234,0.0004078929655641873
1553,45064234,45064234,0.00039174425367054607
1554,45064234,45064234,0.0005948812899406781
1555,45064234,45064234,0.0006962517478540968
1556,45064234,45064234,0.0006594582418139618
1557,45064234,45064234,0.00039174425367054607
1558,45064234,45064234,0.0004078929655641873
1559,45064234,45064234,0.00039174425367054607
1560,45064234,45064234,0.00039174425367054607
1561,45064234,45064234,0.00039174425367054607
1562,45064234,45064234,0.00039174425367054607
1563,45064234,45064234,0.00039174425367054607
1564,45064234,45064234,0.0014905327158236934
1565,45064234,45064234,0.00039174425367054607
1566,45064234,45064234,0.0005719889746364466
1567,45064234,45064234,0.00039174425367054607
1568,45064234,45064234,0.00039174425367054607
1569,45064234,45064234,0.0006950303226838475
1570,45064234,45064234,0.0004078929655641873
1571,45064234,45064234,0.00039174425367054607
1572,45064234,45064234,0.00039174425367054607
1573,45064234,45064234,0.00039174425367054607
1574,45064234,45064234,0.00039174425367054607
1575,45064234,45064234,0.00039174425367054607
1576,45064234,45064234,0.0004078929655641873
1577,45064234,45064234,0.00039174425367054607
1578,45064234,45064234,0.00039174425367054607
1579,45064234,45064234,0.00039174425367054607
1580,45064234,45064234,0.00039174425367054607
1581,45064234,45064234,0.009247542941698455
1582,45064234,45064234,0.00039174425367054607
1583,45064234,45064234,0.00039174425367054607
1584,45064234,45064234,0.00039174425367054607
1585,45064234,45064234,0.0004078929655641873
1586,45064234,45064234,0.00039174425367054607
1587,45064234,45064234,0.00018250456092242526
1588,45064234,45064234,0.00018250456092242526
1589,45064234,45064234,0.0004078929655641873
1590,45064234,45064234,0.0004078929655641873
1591,45064234,45064234,0.0004078929655641873
1592,45064234,45064234,0.0004078929655641873
1593,45064234,45064234,0.0004078929655641873
1594,45064234,45064234,0.0004078929655641873
1595,45064234,45064234,0.00039174425367054607
1596,45064234,45064234,0.00039174425367054607
1597,45064234,45064234,0.0006950303226838475
1598,45064234,45064234,0.00039174425367054607
1599,45064234,45064234,0.00039174425367054607
1600,45064234,45064234,0.0005948812899406781
1601,45064234,45064234,0.0004078929655641873
1602,45064234,45064234,0.00039174425367054607
1603,45064234,45064234,0.00039174425367054607
1604,45064234,45064234,0.00039174425367054607
1605,45064234,45064234,0.0004078929655641873
1606,45064234,45064234,0.0006594582418139618
1607,45064234,45064234,0.00039174425367054607
1608,45064234,45064234,0.00039174425367054607
1609,45064234,45064234,0.0004078929655641873
1610,45064234,45064234,0.00039174425367054607
1611,45064234,45064234,0.00039174425367054607
1612,45064234,45064234,7.463813602704549e-05
1613,45064234,45064234,0.0005719889746364466
1614,45064234,45064234,0.0004078929655641873
1615,45064234,45064234,0.00039174425367054607
1616,45064234,45064234,0.00039174425367054607
1617,45064234,45064234,0.0004078929655641873
1618,45064234,45064234,0.00039174425367054607
1619,45064234,45064234,0.0004078929655641873
1620,45064234,45064234,0.0002884139434266306
1621,45064234,45064234,0.00039174425367054607
1622,45064234,45064234,0.00039174425367054607
1623,45064234,45064234,0.0006594582418139618
1624,45064234,45064234,0.0006962517478540968
1625,45064234,45064234,0.0003970636926064186
1626,45064234,45064234,0.0003970636926064186
1627,45064234,45064234,0.0005948812899406781
1628,45064234,45064234,0.0006950303226838475
1629,45064234,45064234,0.0006950303226838475
1630,45064234,45064234,0.0006950303226838475
1631,45064234,45064234,0.00039174425367054607
1632,45064234,45064234,0.00039174425367054607
1633,45064234,45064234,0.0004078929655641873
1634,45064234,45064234,0.0004078929655641873
1635,45064234,45064234,0.0006594582418139618
1636,45064234,45064234,0.00039174425367054607
1637,45064234,45064234,0.0005948812899406781
1638,45064234,45064234,0.0005948812899406781
1639,45064234,45064234,0.0005948812899406781
1640,45064234,45064234,0.0004078929655641873
1641,45064234,45064234,0.0004078929655641873
1642,45064234,45064234,0.00039174425367054607
1643,45064234,45064234,0.0004078929655641873
1644,45064234,45064234,0.0004078929655641873
1645,45064234,45064234,0.0004078929655641873
1646,45064234,45064234,0.00039174425367054607
1647,45064234,45064234,0.0004078929655641873
1648,45064234,45064234,0.00039174425367054607
1649,45064234,45064234,0.00039174425367054607
1650,45064234,45064234,0.00039174425367054607
1651,45064234,45064234,0.0006950303226838475
1652,45064234,45064234,0.00039174425367054607
1653,45064234,45064234,0.0004078929655641873
1654,45064234,45064234,0.0004078929655641873
1655,45064234,45064234,0.0004078929655641873
1656,45064234,45064234,0.0004078929655641873
1657,45064234,45064234,0.0004078929655641873
1658,45064234,45064234,0.0004078929655641873
1659,45064234,45064234,0.0006594582418139618
1660,45064234,45064234,0.0006594582418139618
1661,45064234,45064234,0.0006594582418139618
1662,45064234,45064234,0.00039174425367054607
1663,45064234,45064234,0.0006950303226838475
1664,45064234,45064234,0.00039174425367054607
1665,45064234,262114344,0.29873191350999834
1666,262114344,262114344,0.1753170216225004
1667,262114344,262114344,0.1753170216225004
1668,262114344,262114344,0.1753170216225004
1669,287495750,262114344,0.1753170216225004
1670,378103920,378103920,0.029747906301762005
1671,45064234,378103920,0.04343516021918683
1672,378103920,378103920,0.029747906301762005
1673,43315194,378103920,0.03097419198127115
1674,378103920,378103920,0.04517353530527906
1675,378103920,378103920,0.04517353530527906
1676,378103920,378103920,0.029747906301762005
1677,378103920,378103920,0.03097419198127115
1678,378103920,378103920,0.03097419198127115
1679,43315194,378103920,0.029747906301762005
1680,378103920,378103920,0.03097419198127115
1681,45064234,378103920,0.03097419198127115
1682,378103920,378103920,0.04517353530527906
1683,378103920,378103920,0.03097419198127115
1684,378103920,378103920,0.05277855826181591
1685,378103920,378103920,0.029747906301762005
1686,378103920,378103920,0.029747906301762005
1687,378103920,378103920,0.03097419198127115
1688,378103920,378103920,0.03097419198127115
1689,378103920,378103920,0.04407576027960497
1690,378103920,378103920,0.04407576027960497
1691,378103920,378103920,0.029747906301762005
1692,45064234,378103920,0.03033697492637462
1693,45064234,378103920,0.04927345162895211
1694,45064234,378103920,0.029747906301762005
1695,43315194,378103920,0.05277855826181591
1696,378103920,378103920,0.03097419198127115
1697,378103920,378103920,0.03097419198127115
1698,554804,554804,0.10364657515387636
1699,554804,554804,0.0608271431192171
1700,554804,554804,0.10364657515387636
1701,554804,554804,0.0608271431192171
1702,554804,554804,0.09676324392979663
1703,554804,554804,0.0608271431192171
1704,554804,554804,0.015830696529009623
1705,554804,554804,0.015830696529009623
1706,554804,554804,0.05841896231573879
1707,554804,554804,0.0608271431192171
1708,554804,554804,0.0608271431192171
1709,554804,554804,0.0608271431192171
1710,554804,554804,0.0608271431192171
1711,554804,554804,0.05841896231573879
1712,554804,554804,0.0608271431192171
1713,554804,554804,0.0608271431192171
1714,321267997,321267997,0.012840751051260308
1715,321267997,321267997,0.005398296623288245
1716,45064234,321267997,0.009577625731257158
1717,45064234,321267997,0.008197556514625575
1718,45064234,321267997,0.005620828379833708
1719,45064234,321267997,0.005398296623288245
1720,321267997,321267997,0.009577625731257158
1721,321267997,321267997,0.005398296623288245
1722,321267997,321267997,0.005398296623288245
1723,321267997,321267997,0.009577625731257158
1724,321267997,321267997,0.005620828379833708
1725,321267997,321267997,0.005398296623288245
1726,45064234,321267997,0.007774046859786655
1727,321267997,321267997,0.007774046859786655
1728,321267997,321267997,0.005620828379833708
1729,321267997,321267997,0.009577625731257158
1730,321267997,321267997,0.008197556514625575
1731,321267997,321267997,0.008197556514625575
1732,321267997,321267997,0.008197556514625575
1733,321267997,321267997,0.005620828379833708
1734,321267997,321267997,0.005398296623288245
1735,321267997,321267997,0.005620828379833708
1736,321267997,321267997,0.005620828379833708
1737,45064234,321267997,0.005620828379833708
1738,321267997,321267997,0.008197556514625575
1739,321267997,321267997,0.00788209685632
1740,45064234,321267997,0.008197556514625575
1741,321267997,321267997,0.005398296623288245
1742,321267997,321267997,0.008197556514625575
1743,321267997,321267997,0.005398296623288245
1744,321267997,321267997,0.008941560621043565
1745,321267997,321267997,0.005620828379833708
1746,321267997,321267997,0.005620828379833708
1747,321267997,321267997,0.005620828379833708
1748,321267997,321267997,0.025318045450454102
1749,321267997,321267997,0.025318045450454102
1750,321267997,321267997,0.12743257716772274
1751,45064234,321267997,0.005398296623288245
1752,321267997,321267997,0.005620828379833708
1753,321267997,321267997,0.005620828379833708
1754,321267997,321267997,0.12743257716772274
1755,321267997,321267997,0.009577625731257158
1756,227682872,321267997,0.008828602486195174
1757,321267997,321267997,0.008197556514625575
1758,227682872,321267997,0.005620828379833708
1759,321267997,321267997,0.03263668269307641
1760,321267997,321267997,0.005398296623288245
1761,321267997,321267997,0.005398296623288245
1762,321267997,321267997,0.012840751051260308
1763,321267997,321267997,0.008197556514625575
1764,321267997,321267997,0.005398296623288245
1765,45064234,321267997,0.005398296623288245
1766,321267997,321267997,0.005620828379833708
1767,321267997,321267997,0.008197556514625575
1768,321267997,321267997,0.005620828379833708
1769,321267997,321267997,0.005398296623288245
1770,321267997,321267997,0.005398296623288245
1771,321267997,321267997,0.008197556514625575
1772,321267997,321267997,0.005398296623288245
1773,321267997,321267997,0.005398296623288245
1774,321267997,321267997,0.005620828379833708
1775,321267997,321267997,0.005398296623288245
1776,321267997,321267997,0.005398296623288245
1777,321267997,321267997,0.005398296623288245
1778,321267997,321267997,0.009577625731257158
1779,321267997,321267997,0.005398296623288245
1780,321267997,321267997,0.005620828379833708
1781,321267997,321267997,0.005398296623288245
1782,321267997,321267997,0.015327458865838412
1783,321267997,321267997,0.0050650383242894104
1784,321267997,321267997,0.005398296623288245
1785,321267997,321267997,0.002838849220635018
1786,321267997,321267997,0.005398296623288245
1787,321267997,321267997,0.005398296623288245
1788,321267997,321267997,0.005398296623288245
1789,321267997,321267997,0.005620828379833708
1790,321267997,321267997,0.005398296623288245
1791,321267997,321267997,0.005398296623288245
1792,321267997,321267997,0.009577625731257158
1793,321267997,321267997,0.011519725229578498
1794,321267997,321267997,0.005620828379833708
1795,321267997,321267997,0.005398296623288245
1796,321267997,321267997,0.005620828379833708
1797,321267997,321267997,0.0051414270732995345
1798,321267997,321267997,0.005398296623288245
1799,321267997,321267997,0.011669066452164334
1800,321267997,321267997,0.0011364916123592873
1801,321267997,321267997,0.0011364916123592873
1802,321267997,321267997,0.005620828379833708
1803,321267997,321267997,0.005620828379833708
1804,45064234,321267997,0.005398296623288245
1805,321267997,321267997,0.009577625731257158
1806,321267997,321267997,0.005398296623288245
1807,321267997,321267997,0.005398296623288245
1808,45064234,321267997,0.005398296623288245
1809,45064234,321267997,0.005398296623288245
1810,321267997,321267997,0.006865473597094236
1811,321267997,321267997,0.005620828379833708
1812,321267997,321267997,0.005620828379833708
1813,321267997,321267997,0.00788209685632
1814,321267997,321267997,0.00788209685632
1815,321267997,321267997,0.005398296623288245
1816,321267997,321267997,0.005620828379833708
1817,321267997,321267997,0.005620828379833708
1818,321267997,321267997,0.005620828379833708
1819,321267997,321267997,0.005620828379833708
1820,287495750,287495750,0.0968545949949716
1821,43315194,287495750,0.16503564929014516
1822,287495750,287495750,0.16503564929014516
1823,287495750,287495750,0.0968545949949716
1824,378103920,287495750,0.0968545949949716
1825,43315194,287495750,0.14125516071991162
1826,262114344,287495750,0.14125516071991162
1827,43315194,287495750,0.0968545949949716
1828,43315194,43315194,0.10059313521541689
1829,43315194,43315194,0.08609836446422851
1830,378103920,43315194,0.059035168537646364
1831,43315194,43315194,0.059035168537646364
1832,43315194,43315194,0.05669793301560601
1833,378103920,43315194,0.10059313521541689
1834,43315194,43315194,0.08609836446422851
1835,262114344,43315194,0.09272619630130666
1836,43315194,43315194,0.05669793301560601
1837,45064234,43315194,0.05669793301560601
1838,43315194,43315194,0.059035168537646364
1839,287495750,43315194,0.08609836446422851
1840,43315194,43315194,0.10059313521541689
1841,793874391,106435580,0.5100975239178435
1842,106435580,106435580,0.4899024760821565
1843,321267997,227682872,1.0
1844,568015,568015,0.6821855678504364
1845,287495750,568015,0.31781443214956373
1846,774871,775266,0.07442709873944012
1847,106435580,775266,0.008315645829142558
1848,775266,775266,0.00471969087599983
1849,106435580,775266,0.08955310892922755
1850,775096,775266,0.08955310892922755
1851,774871,775266,0.07442709873944012
1852,775096,775266,0.08955310892922755
1853,774871,775266,0.0038806347202665274
1854,775266,775266,0.009701586800666318
1855,775266,775266,0.0031983253189009843
1856,774871,775266,0.1681608378782162
1857,703869,775266,0.003695842590730026
1858,774871,775266,0.08955310892922755
1859,774871,775266,0.0007186360593086162
1860,775053,775266,0.07442709873944012
1861,774871,775266,0.07442709873944012
1862,774871,775266,0.00471969087599983
1863,774871,775266,0.07442709873944012
1864,775266,775266,0.005847531770264629
1865,775266,775266,0.056693647866393804
1866,774871,774871,0.04637636037925171
1867,106435580,774871,0.006400765692078
1868,775258,774871,0.0023400648766736774
1869,774871,774871,0.04637636037925171
1870,775266,774871,0.09672268156917865
1871,775053,774871,0.005181572226920285
1872,774871,774871,0.04637636037925171
1873,775053,774871,0.0023400648766736774
1874,106435580,774871,0.05580154705914153
1875,106435580,774871,0.0017271907423067618
1876,775053,774871,0.006400765692078
1877,774871,774871,0.006400765692078
1878,774871,774871,0.003022583799036833
1879,774871,774871,0.04637636037925171
1880,106435580,774871,0.0023400648766736774
1881,106435580,774871,0.021311777294903776
1882,775053,774871,0.04637636037925171
1883,775053,774871,0.05580154705914153
1884,774871,774871,0.04637636037925171
1885,568350,774871,0.0029408923450088102
1886,774871,774871,0.05580154705914153
1887,774871,774871,0.10478290503327689
1888,757772,774871,0.006045167598073666
1889,757772,774871,0.006045167598073666
1890,774871,774871,0.04637636037925171
1891,774871,774871,0.04637636037925171
1892,774871,774871,0.05232196783160311
1893,106435580,774871,0.0029408923450088102
1894,106435580,774871,0.0023400648766736774
1895,774871,774871,0.05232196783160311
1896,774871,774871,0.003022583799036833
1897,774871,774871,0.003022583799036833
1898,774871,774871,0.05580154705914153
1899,774871,774871,0.0023029209897423492
1900,774871,774871,0.003022583799036833
1901,608955,774871,0.0019929123949693405
1902,774871,774871,0.0023029209897423492
1903,774871,774871,0.0023029209897423492
1904,774871,774871,0.0019430895850951068
1905,774871,774871,0.0019430895850951068
1906,775266,636444,0.9572649572649573
1907,748480,636444,0.042735042735042736
1908,775266,775258,0.025613506462784586
1909,775053,775258,0.014777022959298801
1910,775258,775258,0.000619681607970595
1911,757772,775258,0.012281102912193358
1912,774871,775258,0.4002110384810092
1913,776807,775258,0.013855582159825285
1914,776807,775258,0.017895150720650836
1915,775258,775258,0.001695011457096039
1916,775258,775258,0.017895150720650836
1917,775258,775258,0.0006098453919710616
1918,774871,775258,0.013855582159825285
1919,774871,775258,0.013855582159825285
1920,759830,775258,0.004482363630987303
1921,775258,775258,0.004482363630987303
1922,774871,775258,0.014777022959298801
1923,775258,775258,0.00935493302449359
1924,775258,775258,0.008690296835587629
1925,106435580,775258,0.012281102912193358
1926,568015,775258,0.4002110384810092
1927,775096,775258,0.003201688307848074
1928,775258,775258,0.00935493302449359
1929,774871,703869,0.13870860480408956
1930,775266,703869,0.13005924640107594
1931,703869,703869,0.030053531040886077
1932,703869,703869,0.030053531040886077
1933,698164,703869,0.13870860480408956
1934,774871,703869,0.13870860480408956
1935,774871,703869,0.11527996235086152
1936,703869,703869,0.13005924640107594
1937,775096,703869,0.004830031774428118
1938,775096,703869,0.004830031774428118
1939,698164,703869,0.13870860480408956
1940,774871,775096,0.00273361006752648
1941,775118,775096,0.16712205976859668
1942,775266,775096,0.0024229762541802765
1943,775096,775096,0.0024229762541802765
1944,775096,775096,0.00273361006752648
1945,775096,775096,0.00273361006752648
1946,774871,775096,0.0074221325140211
1947,775053,775096,0.0024229762541802765
1948,775096,775096,0.0003344139806067079
1949,775118,775096,0.0017145351704121693
1950,775118,775096,0.0017145351704121693
1951,774871,775096,0.806222564430831
1952,774871,775118,0.021707101934428322
1953,774871,775118,0.016159132953668727
1954,775258,775118,0.016159132953668727
1955,775053,775118,0.013429766964728163
1956,774871,775118,0.016159132953668727
1957,775096,775118,0.009503109141800418
1958,774871,775118,0.013429766964728163
1959,106435580,775118,0.013429766964728163
1960,774871,775118,0.0005626840939223931
1961,774871,775118,0.013429766964728163
1962,775096,775118,0.8227691862242992
1963,775096,775118,0.001250409097605318
1964,748480,775118,0.013429766964728163
1965,775096,775118,0.015151508858569267
1966,774871,775118,0.013429766964728163
1967,106435580,757772,0.16383971513824794
1968,775053,757772,0.018305604637458492
1969,774871,757772,0.19713728071109146
1970,774871,757772,0.23873559381352116
1971,774871,757772,0.19713728071109146
1972,775096,757772,0.1848445249885895
1973,775258,759830,0.32408575031525855
1974,774871,759830,0.6759142496847415
1975,774871,775053,0.0013964955110886289
1976,775266,775053,0.0022265359464453
1977,775266,775053,0.002875678256386452
1978,774871,775053,0.00012514824637067367
1979,774871,775053,0.0023746077516486803
1980,774871,775053,0.0019735235070294133
1981,775053,775053,0.0023746077516486803
1982,775053,775053,0.006045355567738932
1983,775053,775053,0.006045355567738932
1984,774871,775053,0.0013964955110886289
1985,774871,775053,0.0013964955110886289
1986,774871,775053,8.480741970173859e-05
1987,774871,775053,8.480741970173859e-05
1988,775053,775053,9.79996849886757e-05
1989,775096,775053,0.0022265359464453
1990,775053,775053,9.958032506913821e-05
1991,774871,775053,9.79996849886757e-05
1992,775258,775053,0.4835426956947495
1993,775258,775053,0.4835426956947495
1994,775096,775053,1.905549430335361e-05
1995,775096,775053,0.0019735235070294133
1996,703869,698164,0.01661010894802643
1997,774871,698164,0.020003572066440437
1998,774871,698164,0.01661010894802643
1999,774871,698164,0.01661010894802643
2000,774871,698164,0.9301661010894803
2001,759830,759805,0.02422708370999819
2002,775053,759805,0.48788645814500087
2003,775096,759805,0.48788645814500087
2004,775096,636436,0.5
2005,748480,636436,0.5
2006,774871,609901,1.0
2007,774871,775002,1.0
2008,774871,746428,1.0
2009,748480,608955,0.21052631578947373
2010,775118,608955,0.39473684210526316
2011,775118,608955,0.39473684210526316
2012,684546,684546,1.0
2013,744450,744450,1.0
2014,759813,759813,1.0
2015,690694,690694,1.0
2016,684554,684554,1.0
2017,757772,757772,1.0
2018,795151,795151,1.0
2019,684562,684562,1.0
2020,636436,636436,1.0
2021,651796,651796,1.0
2022,690708,690708,1.0
2023,759830,759830,1.0
2024,776726,776726,1.0
2025,795160,795160,1.0
2026,684571,684571,1.0
2027,636444,636444,1.0
2028,690716,690716,1.0
2029,568350,568350,1.0
2030,753181,753181,1.0
2031,262114344,262114344,1.0
2032,45064234,45064234,1.0
2033,227682872,227682872,1.0
2034,568384,568384,1.0
2035,287495750,287495750,1.0
2036,745031,745031,1.0
2037,705616,705616,1.0
2038,775258,775258,1.0
2039,630365,630365,1.0
2040,641634,641634,1.0
2041,775266,775266,1.0
2042,778851,778851,1.0
2043,630373,630373,1.0
2044,776807,776807,1.0
2045,755818,755818,1.0
2046,546925,546925,1.0
2047,609901,609901,1.0
2048,793710,793710,1.0
2049,378103920,378103920,1.0
2050,744051,744051,1.0
2051,767093,767093,1.0
2052,778869,778869,1.0
2053,567931,567931,1.0
2054,793728,793728,1.0
2055,744069,744069,1.0
2056,767115,767115,1.0
2057,641677,641677,1.0
2058,230334611,230334611,1.0
2059,567957,567957,1.0
2060,641685,641685,1.0
2061,25627287,25627287,1.0
2062,633496,633496,1.0
2063,633500,633500,1.0
2064,641693,641693,1.0
2065,567973,567973,1.0
2066,787621,787621,1.0
2067,623270,623270,1.0
2068,641707,641707,1.0
2069,633518,633518,1.0
2070,641715,641715,1.0
2071,787639,787639,1.0
2072,623288,623288,1.0
2073,673978,673978,1.0
2074,608955,608955,1.0
2075,530620,530620,1.0
2076,673986,673986,1.0
2077,568007,568007,1.0
2078,755401,755401,1.0
2079,673994,673994,1.0
2080,568015,568015,1.0
2081,227120850,227120850,1.0
2082,765139,765139,1.0
2083,775894,775894,1.0
2084,568023,568023,1.0
2085,555223,555223,1.0
2086,774871,774871,1.0
2087,755419,755419,1.0
2088,765147,765147,1.0
2089,553697,553697,1.0
2090,720097,720097,1.0
2091,726753,726753,1.0
2092,755427,755427,1.0
2093,765155,765155,1.0
2094,416516834,416516834,1.0
2095,726761,726761,1.0
2096,765163,765163,1.0
2097,726770,726770,1.0
2098,568058,568058,1.0
2099,688380,688380,1.0
2100,650498,650498,1.0
2101,726788,726788,1.0
2102,726796,726796,1.0
2103,688398,688398,1.0
2104,726800,726800,1.0
2105,688401,688401,1.0
2106,765716,765716,1.0
2107,448301845,448301845,1.0
2108,639257,639257,1.0
2109,568091,568091,1.0
2110,765724,765724,1.0
2111,321267997,321267997,1.0
2112,690465,690465,1.0
2113,726818,726818,1.0
2114,765732,765732,1.0
2115,568104,568104,1.0
2116,771368,771368,1.0
2117,639273,639273,1.0
2118,690473,690473,1.0
2119,726826,726826,1.0
2120,639281,639281,1.0
2121,647985,647985,1.0
2122,690481,690481,1.0
2123,554804,554804,1.0
2124,698164,698164,1.0
2125,671029,671029,1.0
2126,726834,726834,1.0
2127,28142389,28142389,1.0
2128,774979,774979,1.0
2129,568147,568147,1.0
2130,775002,775002,1.0
2131,568155,568155,1.0
2132,645982,645982,1.0
2133,686433,686433,1.0
2134,735078,735078,1.0
2135,43406187,43406187,1.0
2136,794490,794490,1.0
2137,703869,703869,1.0
2138,683396,683396,1.0
2139,568201,568201,1.0
2140,546186,546186,1.0
2141,775053,775053,1.0
2142,654736,654736,1.0
2143,654744,654744,1.0
2144,683418,683418,1.0
2145,28138917,28138917,1.0
2146,746410,746410,1.0
2147,775096,775096,1.0
2148,778681,778681,1.0
2149,654779,654779,1.0
2150,746428,746428,1.0
2151,748480,748480,1.0
2152,741833,741833,1.0
2153,778699,778699,1.0
2154,775118,775118,1.0
2155,793874391,793874391,1.0
2156,568287,568287,1.0
2157,568295,568295,1.0
2158,636398,636398,1.0
2159,568309,568309,1.0
2160,690678,690678,1.0
2161,43315194,43315194,1.0
2162,106435580,106435580,1.0
2163,759805,759805,1.0
2164,690686,690686,1.0
